name,songname,anilist,type,link
Koori Zokusei Danshi to Cool na Douryou Joshi,FROZEN MIDNIGHT,151252,OP,https://v.animethemes.moe/KooriZokuseiDanshiToCoolNaDouryouJoshi-OP1.webm
Koori Zokusei Danshi to Cool na Douryou Joshi,Linaria,151252,ED,https://v.animethemes.moe/KooriZokuseiDanshiToCoolNaDouryouJoshi-ED1.webm
Koori Zokusei Danshi to Cool na Douryou Joshi,Linaria,151252,ED,https://v.animethemes.moe/KooriZokuseiDanshiToCoolNaDouryouJoshi-ED1v2.webm
Koori Zokusei Danshi to Cool na Douryou Joshi,Linaria,151252,ED,https://v.animethemes.moe/KooriZokuseiDanshiToCoolNaDouryouJoshi-ED1v3.webm
Koori Zokusei Danshi to Cool na Douryou Joshi,Linaria,151252,ED,https://v.animethemes.moe/KooriZokuseiDanshiToCoolNaDouryouJoshi-ED1v4.webm
Koori Zokusei Danshi to Cool na Douryou Joshi,Linaria,151252,ED,https://v.animethemes.moe/KooriZokuseiDanshiToCoolNaDouryouJoshi-ED1v5.webm
Spy Kyoushitsu,Tomoshibi,146323,OP,https://v.animethemes.moe/SpyKyoushitsu-OP1.webm
Spy Kyoushitsu,Secret Code,146323,ED1,https://v.animethemes.moe/SpyKyoushitsu-ED1.webm
Spy Kyoushitsu,Fool on the secret,146323,ED2,https://v.animethemes.moe/SpyKyoushitsu-ED2.webm
Spy Kyoushitsu,DON'T,146323,ED3,https://v.animethemes.moe/SpyKyoushitsu-ED3.webm
Spy Kyoushitsu,SPARKLEscape,146323,ED4,https://v.animethemes.moe/SpyKyoushitsu-ED4.webm
Spy Kyoushitsu,Itsuwarinai Koufuku wo,146323,ED5,https://v.animethemes.moe/SpyKyoushitsu-ED5.webm
Ningen Fushin no Boukensha-tachi ga Sekai wo Sukuu you desu,Glorious World,137909,OP,https://v.animethemes.moe/NingenFushin-OP1.webm
Ningen Fushin no Boukensha-tachi ga Sekai wo Sukuu you desu,Never Fear,137909,ED,https://v.animethemes.moe/NingenFushin-ED1.webm
Tensei Oujo to Tensai Reijou no Mahou Kakumei,Arc-en-ciel,153629,OP,https://v.animethemes.moe/TentenKakumei-OP1.webm
Tensei Oujo to Tensai Reijou no Mahou Kakumei,Only for you,153629,ED,https://v.animethemes.moe/TentenKakumei-ED1.webm
Tensei Oujo to Tensai Reijou no Mahou Kakumei,Only for you,153629,ED,https://v.animethemes.moe/TentenKakumei-ED1v2.webm
Tensei Oujo to Tensai Reijou no Mahou Kakumei,Only for you,153629,ED,https://v.animethemes.moe/TentenKakumei-ED1v3.webm
Bungou Stray Dogs 4th Season,TRUE STORY,141249,OP,https://v.animethemes.moe/BungouStrayDogsS4-OP1.webm
Bungou Stray Dogs 4th Season,TRUE STORY,141249,OP,https://v.animethemes.moe/BungouStrayDogsS4-OP1v2.webm
Bungou Stray Dogs 4th Season,TRUE STORY,141249,OP,https://v.animethemes.moe/BungouStrayDogsS4-OP1v3.webm
Bungou Stray Dogs 4th Season,Shirushi,141249,ED,https://v.animethemes.moe/BungouStrayDogsS4-ED1.webm
Technoroid: Overmind,Invisible -one heart-,141062,ED,https://v.animethemes.moe/Technoroid-ED1.webm
Technoroid: Overmind,LOVE NO HATE,141062,OP,https://v.animethemes.moe/Technoroid-OP1.webm
Tsurune: Tsunagari no Issha,°C,153841,OP,https://v.animethemes.moe/TsuruneS2-OP1.webm
Tsurune: Tsunagari no Issha,Hitominaka,153841,ED,https://v.animethemes.moe/TsuruneS2-ED1.webm
Tomo-chan wa Onnanoko!,Kurae! Telepathy,151806,OP,https://v.animethemes.moe/TomoChanWaOnnanoko-OP1.webm
Tomo-chan wa Onnanoko!,yurukuru＊love,151806,ED1,https://v.animethemes.moe/TomoChanWaOnnanoko-ED1.webm
Tomo-chan wa Onnanoko!,Jiribaki_love,151806,ED2,https://v.animethemes.moe/TomoChanWaOnnanoko-ED2.webm
Revenger,Down Timer,155202,OP,https://v.animethemes.moe/Revenger-OP1.webm
Revenger,un_mute,155202,ED,https://v.animethemes.moe/Revenger-ED1.webm
Dungeon ni Deai wo Motomeru no wa Machigatteiru Darou ka IV: Fuka Shou - Yakusai-hen,Shikou,155211,OP,https://v.animethemes.moe/DanMachiS4Part2-OP1.webm
Dungeon ni Deai wo Motomeru no wa Machigatteiru Darou ka IV: Fuka Shou - Yakusai-hen,Kirikizu,155211,ED,https://v.animethemes.moe/DanMachiS4Part2-ED1.webm
Oniichan wa Oshimai!,Identeitei Meltdown,147864,OP,https://v.animethemes.moe/Onimai-OP1.webm
Oniichan wa Oshimai!,Himegoto＊Crisisters,147864,ED,https://v.animethemes.moe/Onimai-ED1.webm
Inu ni Nattara Suki na Hito ni Hirowareta.,Gyakkyou☆Fuwaku☆Fraction,146346,OP,https://v.animethemes.moe/Inuhiro-OP1.webm
Inu ni Nattara Suki na Hito ni Hirowareta.,Gyakkyou☆Fuwaku☆Fraction,146346,OP,https://v.animethemes.moe/Inuhiro-OP1v2.webm
Inu ni Nattara Suki na Hito ni Hirowareta.,Let's Go My House!!!,146346,ED1,https://v.animethemes.moe/Inuhiro-ED1.webm
Inu ni Nattara Suki na Hito ni Hirowareta.,Let's Go My House!!!,146346,ED1,https://v.animethemes.moe/Inuhiro-ED1v2.webm
Inu ni Nattara Suki na Hito ni Hirowareta.,Let's Go My House!!! Karen Inukai ver.,146346,ED2,https://v.animethemes.moe/Inuhiro-ED2.webm
Inu ni Nattara Suki na Hito ni Hirowareta.,Let's Go My House!!! Karen Inukai ver.,146346,ED2,https://v.animethemes.moe/Inuhiro-ED2v2.webm
Inu ni Nattara Suki na Hito ni Hirowareta.,Let's Go My House!!! Mike Nekotani ver.,146346,ED3,https://v.animethemes.moe/Inuhiro-ED3.webm
Inu ni Nattara Suki na Hito ni Hirowareta.,Let's Go My House!!! Mike Nekotani ver.,146346,ED3,https://v.animethemes.moe/Inuhiro-ED3v2.webm
Inu ni Nattara Suki na Hito ni Hirowareta.,Let's Go My House!!! Usagi Tsukishiro ver.,146346,ED4,https://v.animethemes.moe/Inuhiro-ED4.webm
Inu ni Nattara Suki na Hito ni Hirowareta.,Let's Go My House!!! Usagi Tsukishiro ver.,146346,ED4,https://v.animethemes.moe/Inuhiro-ED4v2.webm
Hyouken no Majutsushi ga Sekai wo Suberu,Dystopia,148116,OP,https://v.animethemes.moe/Hyouken-OP1.webm
Hyouken no Majutsushi ga Sekai wo Suberu,Loud Hailer,148116,ED,https://v.animethemes.moe/Hyouken-ED1.webm
Hyouken no Majutsushi ga Sekai wo Suberu,Loud Hailer,148116,ED,https://v.animethemes.moe/Hyouken-ED1v2.webm
Isekai Nonbiri Nouka,Flower Ring,146850,OP,https://v.animethemes.moe/IsekaiNonbiriNouka-OP1.webm
Isekai Nonbiri Nouka,Feel the winds,146850,ED,https://v.animethemes.moe/IsekaiNonbiriNouka-ED1.webm
Isekai Nonbiri Nouka,Feel the winds,146850,ED,https://v.animethemes.moe/IsekaiNonbiriNouka-ED1v2.webm
Isekai Nonbiri Nouka,Feel the winds,146850,ED,https://v.animethemes.moe/IsekaiNonbiriNouka-ED1v3.webm
Isekai Nonbiri Nouka,Feel the winds,146850,ED,https://v.animethemes.moe/IsekaiNonbiriNouka-ED1v4.webm
Isekai Nonbiri Nouka,Feel the winds,146850,ED,https://v.animethemes.moe/IsekaiNonbiriNouka-ED1v5.webm
Isekai Nonbiri Nouka,Feel the winds,146850,ED,https://v.animethemes.moe/IsekaiNonbiriNouka-ED1v6.webm
Sugar Apple Fairy Tale,Musical,139821,OP,https://v.animethemes.moe/SugarAppleFairyTale-OP1.webm
Sugar Apple Fairy Tale,Kanaeru,139821,ED1,https://v.animethemes.moe/SugarAppleFairyTale-ED1.webm
Sugar Apple Fairy Tale,I Will Go On,139821,ED2,https://v.animethemes.moe/SugarAppleFairyTale-ED2.webm
Nijiyon Animation,Wachu Gonna Do,154785,ED1,https://v.animethemes.moe/Nijiyon-ED1.webm
Nijiyon Animation,Wachu Gonna Do (1-nensei + Yuu Ver.),154785,ED2,https://v.animethemes.moe/Nijiyon-ED2.webm
Nijiyon Animation,Wachu Gonna Do (2-nensei + Yuu Ver.),154785,ED3,https://v.animethemes.moe/Nijiyon-ED3.webm
Nijiyon Animation,Wachu Gonna Do (3-nensei + Yuu Ver.),154785,ED4,https://v.animethemes.moe/Nijiyon-ED4.webm
Nijiyon Animation,CHASE!,154785,ED5,https://v.animethemes.moe/Nijiyon-ED5.webm
The Legend of Heroes: Sen no Kiseki - Northern War,The story so far,130696,OP,https://v.animethemes.moe/TheLegendOfHeroesSenNoKisekiNorthernWar-OP1.webm
The Legend of Heroes: Sen no Kiseki - Northern War,proud hero,130696,ED,https://v.animethemes.moe/TheLegendOfHeroesSenNoKisekiNorthernWar-ED1.webm
The Legend of Heroes: Sen no Kiseki - Northern War,proud hero,130696,ED,https://v.animethemes.moe/TheLegendOfHeroesSenNoKisekiNorthernWar-ED1v2.webm
Buddy Daddies,SHOCK!,155907,OP,https://v.animethemes.moe/BuddyDaddies-OP1.webm
Buddy Daddies,SHOCK!,155907,OP,https://v.animethemes.moe/BuddyDaddies-OP1v2.webm
Buddy Daddies,My Plan,155907,ED,https://v.animethemes.moe/BuddyDaddies-ED1.webm
Ars no Kyojuu,Hengenjizai,155089,OP,https://v.animethemes.moe/ArsNoKyojuu-OP1.webm
Ars no Kyojuu,Namonai Hana,155089,ED1,https://v.animethemes.moe/ArsNoKyojuu-ED1.webm
Ars no Kyojuu,Namonai Hana - piano ver.,155089,ED2,https://v.animethemes.moe/ArsNoKyojuu-ED2.webm
Tsundere Akuyaku Reijou Liselotte to Jikkyou no Endou-kun to Kaisetsu no Kobayashi-san,Ibitsu na Kotoba,143064,OP,https://v.animethemes.moe/Tsunlise-OP1.webm
Tsundere Akuyaku Reijou Liselotte to Jikkyou no Endou-kun to Kaisetsu no Kobayashi-san,Hana no You ni,143064,ED,https://v.animethemes.moe/Tsunlise-ED1.webm
Otonari no Tenshi-sama ni Itsunomanika Dame Ningen ni Sareteita Ken,Gift,143338,OP,https://v.animethemes.moe/OtonariNoTenshiSama-OP1.webm
Otonari no Tenshi-sama ni Itsunomanika Dame Ningen ni Sareteita Ken,Chiisana Koi no Uta,143338,ED1,https://v.animethemes.moe/OtonariNoTenshiSama-ED1.webm
Otonari no Tenshi-sama ni Itsunomanika Dame Ningen ni Sareteita Ken,Ai Uta,143338,ED2,https://v.animethemes.moe/OtonariNoTenshiSama-ED2.webm
Otonari no Tenshi-sama ni Itsunomanika Dame Ningen ni Sareteita Ken,Kimi ni Todoke,143338,ED3,https://v.animethemes.moe/OtonariNoTenshiSama-ED3.webm
Kaiko sareta Ankoku Heishi (30-dai) no Slow na Second Life,CHANGEMAKER,152523,OP,https://v.animethemes.moe/AnkokuHeishi-OP1.webm
Kaiko sareta Ankoku Heishi (30-dai) no Slow na Second Life,Dear Doze Days,152523,ED,https://v.animethemes.moe/AnkokuHeishi-ED1.webm
"Maou Gakuin no Futekigousha: Shijou Saikyou no Maou no Shiso, Tensei shite Shison-tachi no Gakkou e Kayou II",SEIEN,130588,OP,https://v.animethemes.moe/MaouGakuinNoFutekigoushaS2-OP1.webm
"Maou Gakuin no Futekigousha: Shijou Saikyou no Maou no Shiso, Tensei shite Shison-tachi no Gakkou e Kayou II",Esoa,130588,ED1,https://v.animethemes.moe/MaouGakuinNoFutekigoushaS2-ED1.webm
"Maou Gakuin no Futekigousha: Shijou Saikyou no Maou no Shiso, Tensei shite Shison-tachi no Gakkou e Kayou II",Esoa,130588,ED1,https://v.animethemes.moe/MaouGakuinNoFutekigoushaS2-ED1v2.webm
"Maou Gakuin no Futekigousha: Shijou Saikyou no Maou no Shiso, Tensei shite Shison-tachi no Gakkou e Kayou II",Esoa (Ballad ver.),130588,ED2,https://v.animethemes.moe/MaouGakuinNoFutekigoushaS2-ED2.webm
"Maou Gakuin no Futekigousha: Shijou Saikyou no Maou no Shiso, Tensei shite Shison-tachi no Gakkou e Kayou II",Maou Sanbika Daigoban - Heiwa,130588,ED3,https://v.animethemes.moe/MaouGakuinNoFutekigoushaS2-ED3.webm
Tokyo Revengers: Seiya Kessen-hen,White Noise,142853,OP,https://v.animethemes.moe/TokyoRevengersS2-OP1.webm
Tokyo Revengers: Seiya Kessen-hen,"Kizutsukedo, Aishiteru.",142853,ED,https://v.animethemes.moe/TokyoRevengersS2-ED1.webm
"Ijiranaide, Nagatoro-san 2nd Attack",LOVE CRAZY,140596,OP,https://v.animethemes.moe/IjiranaideNagatoroSanS2-OP1.webm
"Ijiranaide, Nagatoro-san 2nd Attack",MY SADISTIC ADOLESCENCE♡,140596,ED,https://v.animethemes.moe/IjiranaideNagatoroSanS2-ED1.webm
NieR:Automata Ver1.1a,escalate,145665,OP,https://v.animethemes.moe/NieRAutomata-OP1.webm
NieR:Automata Ver1.1a,Antinomy,145665,ED1,https://v.animethemes.moe/NieRAutomata-ED1.webm
NieR:Automata Ver1.1a,Antinomy,145665,ED1,https://v.animethemes.moe/NieRAutomata-ED1v2.webm
NieR:Automata Ver1.1a,Weight of the World/English Version,145665,ED2,https://v.animethemes.moe/NieRAutomata-ED2.webm
UniteUp!,Unite up!,154969,OP,https://v.animethemes.moe/UniteUp-OP1.webm
UniteUp!,Iino,154969,ED1,https://v.animethemes.moe/UniteUp-ED1.webm
UniteUp!,Hoero! Crossfire (PROTOSTAR ver.),154969,ED2,https://v.animethemes.moe/UniteUp-ED2.webm
UniteUp!,FIRE,154969,ED3,https://v.animethemes.moe/UniteUp-ED3.webm
UniteUp!,Kibou no Koe,154969,ED4,https://v.animethemes.moe/UniteUp-ED4.webm
UniteUp!,Triplet,154969,ED5,https://v.animethemes.moe/UniteUp-ED5.webm
UniteUp!,A.P.P.L.E.,154969,ED6,https://v.animethemes.moe/UniteUp-ED6.webm
UniteUp!,call,154969,ED7,https://v.animethemes.moe/UniteUp-ED7.webm
UniteUp!,Yume no Tobira,154969,ED8,https://v.animethemes.moe/UniteUp-ED8.webm
Saikyou Onmyouji no Isekai Tenseiki,RECONNECTION,144553,OP,https://v.animethemes.moe/SaikyouOnmyouji-OP1.webm
Saikyou Onmyouji no Isekai Tenseiki,RECONNECTION,144553,OP,https://v.animethemes.moe/SaikyouOnmyouji-OP1v2.webm
Saikyou Onmyouji no Isekai Tenseiki,Link,144553,ED1,https://v.animethemes.moe/SaikyouOnmyouji-ED1.webm
Saikyou Onmyouji no Isekai Tenseiki,Tsukiyo no Takt,144553,ED2,https://v.animethemes.moe/SaikyouOnmyouji-ED2.webm
Saikyou Onmyouji no Isekai Tenseiki,Link,144553,ED3,https://v.animethemes.moe/SaikyouOnmyouji-ED3.webm
Saikyou Onmyouji no Isekai Tenseiki,Link,144553,ED4,https://v.animethemes.moe/SaikyouOnmyouji-ED4.webm
Saikyou Onmyouji no Isekai Tenseiki,Link,144553,ED5,https://v.animethemes.moe/SaikyouOnmyouji-ED5.webm
Saikyou Onmyouji no Isekai Tenseiki,Link,144553,ED6,https://v.animethemes.moe/SaikyouOnmyouji-ED6.webm
Rougo ni Sonaete Isekai de 8-manmai no Kinka wo Tamemasu,Hikatta Coin ga Shimesu Hou,152765,OP,https://v.animethemes.moe/Roukin8-OP1.webm
Rougo ni Sonaete Isekai de 8-manmai no Kinka wo Tamemasu,Yappari Economy,152765,ED,https://v.animethemes.moe/Roukin8-ED1.webm
Trigun Stampede,TOMBI,151040,OP,https://v.animethemes.moe/TrigunStampede-OP1.webm
Trigun Stampede,Hoshi no Kuzu α,151040,ED1,https://v.animethemes.moe/TrigunStampede-ED1.webm
Trigun Stampede,Seija no Koushin,151040,ED2,https://v.animethemes.moe/TrigunStampede-ED2.webm
Kami-tachi ni Hirowareta Otoko 2nd Season,Way to go,135102,OP,https://v.animethemes.moe/KamihiroS2-OP1.webm
Kami-tachi ni Hirowareta Otoko 2nd Season,Drum Shiki Tansaki,135102,ED,https://v.animethemes.moe/KamihiroS2-ED1.webm
Kyokou Suiri Season 2,Yotogibanashi,126529,OP,https://v.animethemes.moe/KyokouSuiriS2-OP1.webm
Kyokou Suiri Season 2,Invincible Love,126529,ED,https://v.animethemes.moe/KyokouSuiriS2-ED1.webm
"Benriya Saitou-san, Isekai ni Iku",kaleidoscope,144092,OP,https://v.animethemes.moe/BenriyaSaitouSan-OP1.webm
"Benriya Saitou-san, Isekai ni Iku",kaleidoscope,144092,OP,https://v.animethemes.moe/BenriyaSaitouSan-OP1v2.webm
"Benriya Saitou-san, Isekai ni Iku",Hidamari no Saido,144092,ED,https://v.animethemes.moe/BenriyaSaitouSan-ED1.webm
Mou Ippon!,Stand By Me,136435,OP,https://v.animethemes.moe/MouIppon-OP1.webm
Mou Ippon!,Stand By Me,136435,OP,https://v.animethemes.moe/MouIppon-OP1v2.webm
Mou Ippon!,Ipponmichi,136435,ED1,https://v.animethemes.moe/MouIppon-ED1.webm
Mou Ippon!,Ipponmichi,136435,ED1,https://v.animethemes.moe/MouIppon-ED1v2.webm
Mou Ippon!,Ipponmichi,136435,ED1,https://v.animethemes.moe/MouIppon-ED1v3.webm
Mou Ippon!,Ipponmichi,136435,ED2,https://v.animethemes.moe/MouIppon-ED2.webm
Mou Ippon!,Ipponmichi,136435,ED3,https://v.animethemes.moe/MouIppon-ED3.webm
Mou Ippon!,Ipponmichi,136435,ED3,https://v.animethemes.moe/MouIppon-ED3v2.webm
Mou Ippon!,Ipponmichi,136435,ED3,https://v.animethemes.moe/MouIppon-ED3v3.webm
Mou Ippon!,Ipponmichi,136435,ED3,https://v.animethemes.moe/MouIppon-ED3v4.webm
Mou Ippon!,Ipponmichi,136435,ED3,https://v.animethemes.moe/MouIppon-ED3v5.webm
Mou Ippon!,Ipponmichi,136435,ED3,https://v.animethemes.moe/MouIppon-ED3v6.webm
Nokemono-tachi no Yoru,Ashita no Katachi,151679,OP,https://v.animethemes.moe/NokemonoTachiNoYoru-OP1.webm
Nokemono-tachi no Yoru,Rewrite,151679,ED,https://v.animethemes.moe/NokemonoTachiNoYoru-ED1.webm
D4DJ All Mix,Maihime,147216,OP,https://v.animethemes.moe/D4DJAllMix-OP1.webm
D4DJ All Mix,Around and Around,147216,ED,https://v.animethemes.moe/D4DJAllMix-ED1.webm
Mononogatari,Koigoromo,141785,OP,https://v.animethemes.moe/Mononogatari-OP1.webm
Mononogatari,rebind,141785,ED,https://v.animethemes.moe/Mononogatari-ED1.webm
Vinland Saga Season 2,River,136430,OP1,https://v.animethemes.moe/VinlandSagaS2-OP1.webm
Vinland Saga Season 2,Without Love,136430,ED1,https://v.animethemes.moe/VinlandSagaS2-ED1.webm
Vinland Saga Season 2,Paradox,136430,OP2,https://v.animethemes.moe/VinlandSagaS2-OP2.webm
Vinland Saga Season 2,Ember,136430,ED2,https://v.animethemes.moe/VinlandSagaS2-ED2.webm
Vinland Saga Season 2,Ember,136430,ED2,https://v.animethemes.moe/VinlandSagaS2-ED2v2.webm
Vinland Saga Season 2,Ember,136430,ED2,https://v.animethemes.moe/VinlandSagaS2-ED2v3.webm
Kyuuketsuki Sugu Shinu 2,NEW DRAMA PARADISE,142914,OP,https://v.animethemes.moe/KyuuketsukiSuguShinuS2-OP1.webm
Kyuuketsuki Sugu Shinu 2,Wakatteta yo,142914,ED1,https://v.animethemes.moe/KyuuketsukiSuguShinuS2-ED1.webm
Kyuuketsuki Sugu Shinu 2,Cozy Crazy PARTY!,142914,ED2,https://v.animethemes.moe/KyuuketsukiSuguShinuS2-ED2.webm
High Card,Trickster,135778,OP,https://v.animethemes.moe/HighCard-OP1.webm
High Card,Trickster,135778,OP,https://v.animethemes.moe/HighCard-OP1v2.webm
High Card,Squad!,135778,ED,https://v.animethemes.moe/HighCard-ED1.webm
Ayakashi Triangle,Neppuu wa Ruten Suru,142849,OP,https://v.animethemes.moe/AyakashiTriangle-OP1.webm
Ayakashi Triangle,"Itowanai feat. Miyu Tomita, Kana Ichinose",142849,ED,https://v.animethemes.moe/AyakashiTriangle-ED1.webm
"Eiyuuou, Bu wo Kiwameru Tame Tenseisu: Soshite, Sekai Saikyou no Minarai Kishi♀",DAY1,142193,OP,https://v.animethemes.moe/Auo-OP1.webm
"Eiyuuou, Bu wo Kiwameru Tame Tenseisu: Soshite, Sekai Saikyou no Minarai Kishi♀",Self Hug Big Love,142193,ED,https://v.animethemes.moe/Auo-ED1.webm
Kubo-san wa Mob wo Yurusanai,Dramatic ja Nakute mo,148969,OP,https://v.animethemes.moe/KuboSanWaMobWoYurusenai-OP1.webm
Kubo-san wa Mob wo Yurusanai,Kasuka de Tashika,148969,ED,https://v.animethemes.moe/KuboSanWaMobWoYurusenai-ED1.webm
Tondemo Skill de Isekai Hourou Meshi,Zeitaku na Saji,156067,OP,https://v.animethemes.moe/Tonsuki-OP1.webm
Tondemo Skill de Isekai Hourou Meshi,Happy-go-Journey,156067,ED,https://v.animethemes.moe/Tonsuki-ED1.webm
KJ File 2nd Season,BBMonster,155291,ED,https://v.animethemes.moe/KJFileS2-ED1.webm
Itai no wa Iya nano de Bougyoryoku ni Kyokufuri Shitai to Omoimasu. 2,Kyuukyoku Unbalance!,116867,OP1,https://v.animethemes.moe/Bofuri-OP1.webm
Itai no wa Iya nano de Bougyoryoku ni Kyokufuri Shitai to Omoimasu. 2,"Kono Tate ni, Kakuremasu.",116867,OP2,https://v.animethemes.moe/BofuriS2-OP2.webm
Itai no wa Iya nano de Bougyoryoku ni Kyokufuri Shitai to Omoimasu. 2,Step for Joy,116867,ED,https://v.animethemes.moe/BofuriS2-ED1.webm
Ooyukiumi no Kaina,Telepath,144144,OP,https://v.animethemes.moe/OoyukiumiNoKaina-OP1.webm
Ooyukiumi no Kaina,Juvenile,144144,ED,https://v.animethemes.moe/OoyukiumiNoKaina-ED1.webm
Shin Shinka no Mi: Shiranai Uchi ni Kachigumi Jinsei,Evolution,146954,OP,https://v.animethemes.moe/ShinkaNoMiS2-OP1.webm
Shin Shinka no Mi: Shiranai Uchi ni Kachigumi Jinsei,Adore me,146954,ED,https://v.animethemes.moe/ShinkaNoMiS2-ED1.webm
Cardfight!! Vanguard: will+Dress Season 2,Re-raise,139213,ED,https://v.animethemes.moe/CardfightVanguardWillDressS2-ED1.webm
Cardfight!! Vanguard: will+Dress Season 2,Accelerate,139213,OP,https://v.animethemes.moe/CardfightVanguardWillDressS2-OP1.webm
Pokemon: Mezase Pokemon Master,Mezase Pokemon Master -with my friends-,158870,OP,https://v.animethemes.moe/PokemonMezasePokemonMaster-OP1.webm
Pokemon: Mezase Pokemon Master,Hyakugojuuichi,158870,ED1,https://v.animethemes.moe/PokemonMezasePokemonMaster-ED1.webm
Pokemon: Mezase Pokemon Master,Takeshi no Paradise,158870,ED2,https://v.animethemes.moe/PokemonMezasePokemonMaster-ED2.webm
Hikari no Ou,Usotsuki,125869,OP,https://v.animethemes.moe/HikariNoOu-OP1.webm
Hikari no Ou,Mada Tooku ni Iru,125869,ED,https://v.animethemes.moe/HikariNoOu-ED1.webm
Hikari no Ou,Mada Tooku ni Iru,125869,ED,https://v.animethemes.moe/HikariNoOu-ED1v2.webm
Hikari no Ou,Mada Tooku ni Iru,125869,ED,https://v.animethemes.moe/HikariNoOu-ED1v3.webm
Hikari no Ou,Mada Tooku ni Iru,125869,ED,https://v.animethemes.moe/HikariNoOu-ED1v4.webm
Toutotsu ni Egypt Shin 2,Kosha Rhythm,137308,OP,https://v.animethemes.moe/ToutotsuNiEgyptShinS2-OP1.webm
Majutsushi Orphen Hagure Tabi: Urbanrama-hen,HYSTERIC CARAVAN,155068,OP,https://v.animethemes.moe/MajutsushiOrphenHagureTabiS3-OP1.webm
Majutsushi Orphen Hagure Tabi: Urbanrama-hen,Fantastic Partner,155068,ED,https://v.animethemes.moe/MajutsushiOrphenHagureTabiS3-ED1.webm
Hirogaru Sky! Precure,Hirogaru Sky! Precure ~Hero Girls~,157883,OP,https://v.animethemes.moe/HirogaruSkyPrecure-OP1.webm
Hirogaru Sky! Precure,Hirogaru Sky! Precure ~Hero Girls~,157883,OP,https://v.animethemes.moe/HirogaruSkyPrecure-OP1v2.webm
Hirogaru Sky! Precure,Hirogaru Sky! Precure ~Hero Girls~,157883,OP,https://v.animethemes.moe/HirogaruSkyPrecure-OP1v3.webm
Hirogaru Sky! Precure,Hirogaru Sky! Precure ~Hero Girls~,157883,OP,https://v.animethemes.moe/HirogaruSkyPrecure-OP1v4.webm
Hirogaru Sky! Precure,Hirogaru Sky! Precure ~Hero Girls~,157883,OP,https://v.animethemes.moe/HirogaruSkyPrecure-OP1v5.webm
Hirogaru Sky! Precure,Hirogaru Sky! Precure ~Hero Girls~,157883,OP,https://v.animethemes.moe/HirogaruSkyPrecure-OP1v6.webm
Hirogaru Sky! Precure,Hirogaru Sky! Precure ~Hero Girls~,157883,OP,https://v.animethemes.moe/HirogaruSkyPrecure-OP1v7.webm
Hirogaru Sky! Precure,Hirogaru Sky! Precure ~Hero Girls~,157883,OP,https://v.animethemes.moe/HirogaruSkyPrecure-OP1v8.webm
Hirogaru Sky! Precure,Hirogarhythm,157883,ED1,https://v.animethemes.moe/HirogaruSkyPrecure-ED1.webm
Hirogaru Sky! Precure,Dear Shine Sky,157883,ED2,https://v.animethemes.moe/HirogaruSkyPrecure-ED2.webm
Hirogaru Sky! Precure,Dear Shine Sky,157883,ED2,https://v.animethemes.moe/HirogaruSkyPrecure-ED2v2.webm
Shingeki no Kyojin: The Final Season - Kanketsu-hen,UNDER THE TREE,146984,ED,https://v.animethemes.moe/ShingekiNoKyojinS4KanketsuHen-ED1.webm
"Mix: Meisei Story - Nidome no Natsu, Sora no Mukou e",Starting Over,153344,OP1,https://v.animethemes.moe/MixS2-OP1.webm
"Mix: Meisei Story - Nidome no Natsu, Sora no Mukou e",Haru no Oto,153344,ED1,https://v.animethemes.moe/MixS2-ED1.webm
"Mix: Meisei Story - Nidome no Natsu, Sora no Mukou e",Haru no Oto,153344,ED1,https://v.animethemes.moe/MixS2-ED1v2.webm
"Mix: Meisei Story - Nidome no Natsu, Sora no Mukou e",Amaryllis,153344,OP2,https://v.animethemes.moe/MixS2-OP2.webm
"Mix: Meisei Story - Nidome no Natsu, Sora no Mukou e",Amaryllis,153344,OP2,https://v.animethemes.moe/MixS2-OP2v2.webm
"Mix: Meisei Story - Nidome no Natsu, Sora no Mukou e",Amaryllis,153344,OP2,https://v.animethemes.moe/MixS2-OP2v3.webm
"Mix: Meisei Story - Nidome no Natsu, Sora no Mukou e",Ima Kono Toki wo,153344,ED2,https://v.animethemes.moe/MixS2-ED2.webm
"Mix: Meisei Story - Nidome no Natsu, Sora no Mukou e",Ima Kono Toki wo,153344,ED2,https://v.animethemes.moe/MixS2-ED2v2.webm
Tengoku Daimakyou,innocent arrogance,155783,OP,https://v.animethemes.moe/TengokuDaimakyou-OP1.webm
Tengoku Daimakyou,Dare mo Kare mo Doko mo Nani mo Shiranai,155783,ED1,https://v.animethemes.moe/TengokuDaimakyou-ED1.webm
Tengoku Daimakyou,Dare mo Kare mo Doko mo Nani mo Shiranai,155783,ED1,https://v.animethemes.moe/TengokuDaimakyou-ED1v2.webm
Tengoku Daimakyou,Dare mo Kare mo Doko mo Nani mo Shiranai (#08 Special Arrange),155783,ED2,https://v.animethemes.moe/TengokuDaimakyou-ED2.webm
Jigokuraku,W●RK,128893,OP,https://v.animethemes.moe/Jigokuraku-OP1.webm
Jigokuraku,Kamihitoe,128893,ED,https://v.animethemes.moe/Jigokuraku-ED1.webm
Yamada-kun to Lv999 no Koi wo Suru,Gradation feat. Yuuho Kitazawa,154965,OP,https://v.animethemes.moe/YamadaLv999-OP1.webm
Yamada-kun to Lv999 no Koi wo Suru,Gradation feat. Yuuho Kitazawa,154965,OP,https://v.animethemes.moe/YamadaLv999-OP1v2.webm
Yamada-kun to Lv999 no Koi wo Suru,Trick Art,154965,ED,https://v.animethemes.moe/YamadaLv999-ED1.webm
Yamada-kun to Lv999 no Koi wo Suru,Trick Art,154965,ED,https://v.animethemes.moe/YamadaLv999-ED1v2.webm
Yamada-kun to Lv999 no Koi wo Suru,Trick Art,154965,ED,https://v.animethemes.moe/YamadaLv999-ED1v3.webm
Yamada-kun to Lv999 no Koi wo Suru,Trick Art,154965,ED,https://v.animethemes.moe/YamadaLv999-ED1v4.webm
Edens Zero 2nd Season,Never say Never,144932,OP1,https://v.animethemes.moe/EdensZeroS2-OP1.webm
Edens Zero 2nd Season,Rinne,144932,ED1,https://v.animethemes.moe/EdensZeroS2-ED1.webm
Edens Zero 2nd Season,Kaibutsu,144932,OP2,https://v.animethemes.moe/EdensZeroS2-OP2.webm
Edens Zero 2nd Season,my star,144932,ED2,https://v.animethemes.moe/EdensZeroS2-ED2.webm
Boku no Kokoro no Yabai Yatsu,Shayou,153152,OP,https://v.animethemes.moe/Bokuyaba-OP1.webm
Boku no Kokoro no Yabai Yatsu,Suu Sentimental,153152,ED,https://v.animethemes.moe/Bokuyaba-ED1.webm
Tensei Kizoku no Isekai Boukenroku: Jichou wo Shiranai Kamigami no Shito,Preview,153332,OP,https://v.animethemes.moe/TenseiKizoku-OP1.webm
Tensei Kizoku no Isekai Boukenroku: Jichou wo Shiranai Kamigami no Shito,Nanairo no Enogu de,153332,ED,https://v.animethemes.moe/TenseiKizoku-ED1.webm
Jijou wo Shiranai Tenkousei ga Guigui Kuru.,Alcor to Polaris,157295,OP,https://v.animethemes.moe/GuiguiKuru-OP1.webm
Jijou wo Shiranai Tenkousei ga Guigui Kuru.,Kokorone,157295,ED,https://v.animethemes.moe/GuiguiKuru-ED1.webm
My Home Hero,Ai no Uta,151189,OP,https://v.animethemes.moe/MyHomeHero-OP1.webm
My Home Hero,Decided,151189,ED,https://v.animethemes.moe/MyHomeHero-ED1.webm
My Home Hero,Decided,151189,ED,https://v.animethemes.moe/MyHomeHero-ED1v2.webm
My Home Hero,Decided,151189,ED,https://v.animethemes.moe/MyHomeHero-ED1v3.webm
Alice Gear Aegis Expansion,Dash and Go!,144188,OP,https://v.animethemes.moe/AliceGearAegisExpansion-OP1.webm
Alice Gear Aegis Expansion,Just a little bit,144188,ED1,https://v.animethemes.moe/AliceGearAegisExpansion-ED1.webm
Alice Gear Aegis Expansion,Nakano Bojou,144188,ED2,https://v.animethemes.moe/AliceGearAegisExpansion-ED2.webm
Kuma Kuma Kuma Bear Punch!,Kimi to no Mirai,127550,OP,https://v.animethemes.moe/KumaKumaKumaBearS2-OP1.webm
Kuma Kuma Kuma Bear Punch!,Zutto,127550,ED,https://v.animethemes.moe/KumaKumaKumaBearS2-ED1.webm
Isekai wa Smartphone to Tomo ni. 2,Real Diamond,147571,OP,https://v.animethemes.moe/IsekaiSmahoS2-OP1.webm
Isekai wa Smartphone to Tomo ni. 2,Isekai Jewelry,147571,ED1,https://v.animethemes.moe/IsekaiSmahoS2-ED1.webm
Isekai wa Smartphone to Tomo ni. 2,Isekai Jewelry,147571,ED2,https://v.animethemes.moe/IsekaiSmahoS2-ED2.webm
Isekai wa Smartphone to Tomo ni. 2,Isekai Jewelry,147571,ED3,https://v.animethemes.moe/IsekaiSmahoS2-ED3.webm
"Isekai de Cheat Skill wo Te ni Shita Ore wa, Genjitsu Sekai wo mo Musou Suru: Level Up wa Jinsei wo Kaeta",Gyakuten Geki,153845,OP,https://v.animethemes.moe/Iseleve-OP1.webm
"Isekai de Cheat Skill wo Te ni Shita Ore wa, Genjitsu Sekai wo mo Musou Suru: Level Up wa Jinsei wo Kaeta",Hachimitsu,153845,ED,https://v.animethemes.moe/Iseleve-ED1.webm
Kizuna no Allele,mirAI wave!,156896,OP,https://v.animethemes.moe/KizunaNoAllele-OP1.webm
Kizuna no Allele,Yosuga,156896,ED,https://v.animethemes.moe/KizunaNoAllele-ED1.webm
Skip to Loafer,Mellow,141911,OP,https://v.animethemes.moe/SkipToLoafer-OP1.webm
Skip to Loafer,Hana Uta to Mawari Michi,141911,ED,https://v.animethemes.moe/SkipToLoafer-ED1.webm
Tokyo Mew Mew New ♡ 2nd Season,Megamorfoze♡,154876,OP,https://v.animethemes.moe/TokyoMewMewNewS2-OP1.webm
Tokyo Mew Mew New ♡ 2nd Season,Can-do Dreamer,154876,ED1,https://v.animethemes.moe/TokyoMewMewNewS2-ED1.webm
Tokyo Mew Mew New ♡ 2nd Season,MAGICAL☆CARNIVAL,154876,ED2,https://v.animethemes.moe/TokyoMewMewNewS2-ED2.webm
Tokyo Mew Mew New ♡ 2nd Season,my sweet heart ~New~♡Ver.~,154876,ED3,https://v.animethemes.moe/TokyoMewMewNewS2-ED3.webm
Kono Subarashii Sekai ni Bakuen wo!,STAY FREE,150075,OP,https://v.animethemes.moe/KonosubaBakuen-OP1.webm
Kono Subarashii Sekai ni Bakuen wo!,STAY FREE,150075,OP,https://v.animethemes.moe/KonosubaBakuen-OP1v2.webm
Kono Subarashii Sekai ni Bakuen wo!,JUMP IN,150075,ED,https://v.animethemes.moe/KonosubaBakuen-ED1.webm
Kono Subarashii Sekai ni Bakuen wo!,JUMP IN,150075,ED,https://v.animethemes.moe/KonosubaBakuen-ED1v2.webm
The IDOLM@STER Cinderella Girls: U149,Yorimichi Little Star,146975,ED1,https://v.animethemes.moe/IdolmasterCinderellaGirlsU149-ED1.webm
The IDOLM@STER Cinderella Girls: U149,Shine In The Sky☆,146975,OP,https://v.animethemes.moe/IdolmasterCinderellaGirlsU149-OP1.webm
The IDOLM@STER Cinderella Girls: U149,Minna no Kimochi,146975,ED2,https://v.animethemes.moe/IdolmasterCinderellaGirlsU149-ED2.webm
The IDOLM@STER Cinderella Girls: U149,Romantic Now,146975,ED3,https://v.animethemes.moe/IdolmasterCinderellaGirlsU149-ED3.webm
The IDOLM@STER Cinderella Girls: U149,Ai no Sanka,146975,ED4,https://v.animethemes.moe/IdolmasterCinderellaGirlsU149-ED4.webm
The IDOLM@STER Cinderella Girls: U149,GEMSTONE,146975,ED5,https://v.animethemes.moe/IdolmasterCinderellaGirlsU149-ED5.webm
The IDOLM@STER Cinderella Girls: U149,ACE,146975,ED6,https://v.animethemes.moe/IdolmasterCinderellaGirlsU149-ED6.webm
The IDOLM@STER Cinderella Girls: U149,Onegai! Cinderella Koharu Koga Solo Remix,146975,ED7,https://v.animethemes.moe/IdolmasterCinderellaGirlsU149-ED7.webm
The IDOLM@STER Cinderella Girls: U149,Akogare Stitch,146975,ED8,https://v.animethemes.moe/IdolmasterCinderellaGirlsU149-ED8.webm
The IDOLM@STER Cinderella Girls: U149,Himawari Mark wo Sagase!,146975,ED9,https://v.animethemes.moe/IdolmasterCinderellaGirlsU149-ED9.webm
The IDOLM@STER Cinderella Girls: U149,Good Day・Good Night,146975,ED10,https://v.animethemes.moe/IdolmasterCinderellaGirlsU149-ED10.webm
The IDOLM@STER Cinderella Girls: U149,Good Day・Good Night,146975,ED10,https://v.animethemes.moe/IdolmasterCinderellaGirlsU149-ED10v2.webm
The IDOLM@STER Cinderella Girls: U149,to you for me,146975,ED11,https://v.animethemes.moe/IdolmasterCinderellaGirlsU149-ED11.webm
Kaminaki Sekai no Kamisama Katsudou,I wish,148048,OP,https://v.animethemes.moe/Kamikatsu-OP1.webm
Kaminaki Sekai no Kamisama Katsudou,Steppin' Up Life!,148048,ED,https://v.animethemes.moe/Kamikatsu-ED1.webm
Kaminaki Sekai no Kamisama Katsudou,Steppin' Up Life!,148048,ED,https://v.animethemes.moe/Kamikatsu-ED1v2.webm
Mahoutsukai no Yome Season 2,Dear,154364,OP,https://v.animethemes.moe/MahoutsukaiNoYomeS2-OP1.webm
Mahoutsukai no Yome Season 2,Mubansou,154364,ED,https://v.animethemes.moe/MahoutsukaiNoYomeS2-ED1.webm
Dr. Stone: New World,Wasuregataki,131518,OP,https://v.animethemes.moe/DrStoneS3-OP1.webm
Dr. Stone: New World,Where Do We Go?,131518,ED,https://v.animethemes.moe/DrStoneS3-ED1.webm
Watashi no Yuri wa Oshigoto desu!,Himitsu♡Melody,149028,OP,https://v.animethemes.moe/Watayuri-OP1.webm
Watashi no Yuri wa Oshigoto desu!,Yume ga Samete mo,149028,ED,https://v.animethemes.moe/Watayuri-ED1.webm
Opus.COLORs,SHINY,146678,OP,https://v.animethemes.moe/OpusColors-OP1.webm
Opus.COLORs,New frame,146678,ED1,https://v.animethemes.moe/OpusColors-ED1.webm
Opus.COLORs,Clear,146678,ED2,https://v.animethemes.moe/OpusColors-ED2.webm
Yuusha ga Shinda!,Shinda!,148109,OP,https://v.animethemes.moe/YuushaGaShinda-OP1.webm
Yuusha ga Shinda!,Shinda!,148109,OP,https://v.animethemes.moe/YuushaGaShinda-OP1v2.webm
Yuusha ga Shinda!,Kawaikutte Ijiwaru Shichau,148109,ED,https://v.animethemes.moe/YuushaGaShinda-ED1.webm
Isekai One Turn Kill Neesan: Ane Douhan no Isekai Seikatsu Hajimemashita,Karei One Turn,146234,OP1,https://v.animethemes.moe/IsekaiOneTurnKillNeesan-OP1.webm
Isekai One Turn Kill Neesan: Ane Douhan no Isekai Seikatsu Hajimemashita,Mukyuu Platonic,146234,ED,https://v.animethemes.moe/IsekaiOneTurnKillNeesan-ED1.webm
Isekai One Turn Kill Neesan: Ane Douhan no Isekai Seikatsu Hajimemashita,Follow You!,146234,OP2,https://v.animethemes.moe/IsekaiOneTurnKillNeesan-OP2.webm
Kawaisugi Crisis,Space Cat Big Bang,155070,OP,https://v.animethemes.moe/KawaisugiCrisis-OP1.webm
Kawaisugi Crisis,Nyanbori de Moffy!!,155070,ED,https://v.animethemes.moe/KawaisugiCrisis-ED1.webm
Kawaisugi Crisis,Nyanbori de Moffy!!,155070,ED,https://v.animethemes.moe/KawaisugiCrisis-ED1v2.webm
Kawaisugi Crisis,Nyanbori de Moffy!!,155070,ED,https://v.animethemes.moe/KawaisugiCrisis-ED1v3.webm
Kawaisugi Crisis,Nyanbori de Moffy!!,155070,ED,https://v.animethemes.moe/KawaisugiCrisis-ED1v4.webm
Kawaisugi Crisis,Nyanbori de Moffy!!,155070,ED,https://v.animethemes.moe/KawaisugiCrisis-ED1v5.webm
Mashle,Knock Out,151801,OP,https://v.animethemes.moe/Mashle-OP1.webm
Mashle,Knock Out,151801,OP,https://v.animethemes.moe/Mashle-OP1v2.webm
Mashle,Shuu Cream Funk,151801,ED,https://v.animethemes.moe/Mashle-ED1.webm
Tonikaku Kawaii 2nd Season,Setsuna no Chikai (feat. Tsukasa Yuzaki),141208,OP,https://v.animethemes.moe/TonikawaS2-OP1.webm
Tonikaku Kawaii 2nd Season,Setsuna no Chikai (feat. Tsukasa Yuzaki),141208,OP,https://v.animethemes.moe/TonikawaS2-OP1v2.webm
Tonikaku Kawaii 2nd Season,Yoru no Katasumi,141208,ED,https://v.animethemes.moe/TonikawaS2-ED1.webm
Birdie Wing: Golf Girls' Story Season 2,Venus Line,151606,OP,https://v.animethemes.moe/BirdieWingS2-OP1.webm
Birdie Wing: Golf Girls' Story Season 2,Kimi ga Iru kara,151606,ED1,https://v.animethemes.moe/BirdieWingS2-ED1.webm
Birdie Wing: Golf Girls' Story Season 2,Kimi ga Iru kara,151606,ED1,https://v.animethemes.moe/BirdieWingS2-ED1v2.webm
Birdie Wing: Golf Girls' Story Season 2,Kimi ga Iru kara -Acoustic ver.-,151606,ED2,https://v.animethemes.moe/BirdieWingS2-ED2.webm
Rokudou no Onna-tachi,ENDLESS LABYRINTH,160442,OP,https://v.animethemes.moe/RokudouNoOnnatachi-OP1.webm
Rokudou no Onna-tachi,ENDLESS LABYRINTH,160442,OP,https://v.animethemes.moe/RokudouNoOnnatachi-OP1v2.webm
Rokudou no Onna-tachi,Love Will Find A Way,160442,ED,https://v.animethemes.moe/RokudouNoOnnatachi-ED1.webm
Rokudou no Onna-tachi,Love Will Find A Way,160442,ED,https://v.animethemes.moe/RokudouNoOnnatachi-ED1v2.webm
Megami no Café Terrace,Unmei Kyoudoutai!,154412,OP,https://v.animethemes.moe/MegamiNoCafeTerrace-OP1.webm
Megami no Café Terrace,Dramatic,154412,ED,https://v.animethemes.moe/MegamiNoCafeTerrace-ED1.webm
Mahou Shoujo Magical Destroyers,MAGICAL DESTROYER,134131,OP,https://v.animethemes.moe/MahouShoujoMagicalDestroyers-OP1.webm
Mahou Shoujo Magical Destroyers,Gospelion in a classic love,134131,ED,https://v.animethemes.moe/MahouShoujoMagicalDestroyers-ED1.webm
Edomae Elf,Kien Romance,150957,OP,https://v.animethemes.moe/EdomaeElf-OP1.webm
Edomae Elf,Odoru Hikari,150957,ED,https://v.animethemes.moe/EdomaeElf-ED1.webm
Otonari ni Ginga,Tonari Awase,148098,OP,https://v.animethemes.moe/OtonariNiGinga-OP1.webm
Otonari ni Ginga,Near Stella,148098,ED,https://v.animethemes.moe/OtonariNiGinga-ED1.webm
Otonari ni Ginga,Near Stella,148098,ED,https://v.animethemes.moe/OtonariNiGinga-ED1v2.webm
Isekai Shoukan wa Nidome desu,Continue Distortion,140754,OP,https://v.animethemes.moe/Isenido-OP1.webm
Isekai Shoukan wa Nidome desu,Be ambitious!!!,140754,ED,https://v.animethemes.moe/Isenido-ED1.webm
Mobile Suit Gundam: The Witch from Mercury Season 2,slash,155158,OP,https://v.animethemes.moe/GundamTheWitchFromMercuryS2-OP1.webm
Mobile Suit Gundam: The Witch from Mercury Season 2,slash,155158,OP,https://v.animethemes.moe/GundamTheWitchFromMercuryS2-OP1v2.webm
Mobile Suit Gundam: The Witch from Mercury Season 2,slash,155158,OP,https://v.animethemes.moe/GundamTheWitchFromMercuryS2-OP1v3.webm
Mobile Suit Gundam: The Witch from Mercury Season 2,slash,155158,OP,https://v.animethemes.moe/GundamTheWitchFromMercuryS2-OP1v4.webm
Mobile Suit Gundam: The Witch from Mercury Season 2,Red:birthmark,155158,ED1,https://v.animethemes.moe/GundamTheWitchFromMercuryS2-ED1.webm
Mobile Suit Gundam: The Witch from Mercury Season 2,Shukufuku,155158,ED2,https://v.animethemes.moe/GundamTheWitchFromMercuryS2-ED2.webm
World Dai Star,Wanna Be Star!,157765,OP,https://v.animethemes.moe/WorldDaiStar-OP1.webm
World Dai Star,Wanna Be Star!,157765,OP,https://v.animethemes.moe/WorldDaiStar-OP1v2.webm
World Dai Star,Two Of Us,157765,ED1,https://v.animethemes.moe/WorldDaiStar-ED1.webm
World Dai Star,Namonaki Koibito yo,157765,ED2,https://v.animethemes.moe/WorldDaiStar-ED2.webm
Kimetsu no Yaiba: Katanakaji no Sato-hen,Kizuna no Kiseki,145139,OP,https://v.animethemes.moe/KimetsuNoYaibaKatanakajiNoSatoHen-OP1.webm
Kimetsu no Yaiba: Katanakaji no Sato-hen,Koi Kogare,145139,ED,https://v.animethemes.moe/KimetsuNoYaibaKatanakajiNoSatoHen-ED1.webm
Ao no Orchestra,Cantabile,147369,OP,https://v.animethemes.moe/AoNoOrchestra-OP1.webm
Ao no Orchestra,Yuusari no Canon feat. 『Yuika』,147369,ED,https://v.animethemes.moe/AoNoOrchestra-ED1.webm
Kanojo ga Koushaku-tei ni Itta Riyuu,SURVIVE,151847,OP,https://v.animethemes.moe/Koshakutei-OP1.webm
Kanojo ga Koushaku-tei ni Itta Riyuu,Always and Forever,151847,ED1,https://v.animethemes.moe/Koshakutei-ED1.webm
Kanojo ga Koushaku-tei ni Itta Riyuu,Fireworks,151847,ED2,https://v.animethemes.moe/Koshakutei-ED2.webm
Dead Mount Death Play,Nero,157198,OP,https://v.animethemes.moe/DeadMountDeathPlay-OP1.webm
Dead Mount Death Play,Nero,157198,OP,https://v.animethemes.moe/DeadMountDeathPlay-OP1v2.webm
Dead Mount Death Play,Nero,157198,OP,https://v.animethemes.moe/DeadMountDeathPlay-OP1v3.webm
Dead Mount Death Play,Iolite,157198,ED,https://v.animethemes.moe/DeadMountDeathPlay-ED1.webm
Dead Mount Death Play,Iolite,157198,ED,https://v.animethemes.moe/DeadMountDeathPlay-ED1v2.webm
Kimi wa Houkago Insomnia,Itsu Aetara,143653,OP,https://v.animethemes.moe/Kimisomu-OP1.webm
Kimi wa Houkago Insomnia,Lapse,143653,ED1,https://v.animethemes.moe/Kimisomu-ED1.webm
Kimi wa Houkago Insomnia,Herz,143653,ED2,https://v.animethemes.moe/Kimisomu-ED2.webm
The Marginal Service,Quiet explosion,156854,OP,https://v.animethemes.moe/TheMarginalService-OP1.webm
The Marginal Service,Salt & Sugar,156854,ED,https://v.animethemes.moe/TheMarginalService-ED1.webm
Majutsushi Orphen Hagure Tabi: Seiiki-hen,MOTIVE RAIN,163417,OP,https://v.animethemes.moe/MajutsushiOrphenHagureTabiS4-OP1.webm
Majutsushi Orphen Hagure Tabi: Seiiki-hen,Shuuen no Destiny,163417,ED,https://v.animethemes.moe/MajutsushiOrphenHagureTabiS4-ED1.webm
"""Oshi no Ko""",Idol,150672,OP,https://v.animethemes.moe/OshiNoKo-OP1.webm
"""Oshi no Ko""",Mephisto,150672,ED,https://v.animethemes.moe/OshiNoKo-ED1.webm
"""Oshi no Ko""",Mephisto,150672,ED,https://v.animethemes.moe/OshiNoKo-ED1v2.webm
Ousama Ranking: Yuuki no Takarabako,GOLD,153452,OP,https://v.animethemes.moe/OusamaRankingYuukiNoTakarabako-OP1.webm
Ousama Ranking: Yuuki no Takarabako,Ate mo Naku,153452,ED,https://v.animethemes.moe/OusamaRankingYuukiNoTakarabako-ED1.webm
Pokemon,Dokimeki Diary,158871,OP,https://v.animethemes.moe/Pokemon2023-OP1.webm
Uma Musume: Pretty Derby - Road to the Top,Glorious Moment!,148370,OP,https://v.animethemes.moe/UmaMusumeRoadToTheTop-OP1.webm
Uma Musume: Pretty Derby - Road to the Top,Umapyoi Densetsu,148370,ED,https://v.animethemes.moe/UmaMusumeRoadToTheTop-ED1.webm
Niehime to Kemono no Ou,Tsuitachi no Nie,128715,OP1,https://v.animethemes.moe/Niehime-OP1.webm
Niehime to Kemono no Ou,ONLY,128715,ED1,https://v.animethemes.moe/Niehime-ED1.webm
Niehime to Kemono no Ou,LOVE INFINITY,128715,OP2,https://v.animethemes.moe/Niehime-OP2.webm
Niehime to Kemono no Ou,call your name,128715,ED2,https://v.animethemes.moe/Niehime-ED2.webm
Niehime to Kemono no Ou,call your name,128715,ED2,https://v.animethemes.moe/Niehime-ED2v2.webm
Niehime to Kemono no Ou,Miles Away,128715,ED3,https://v.animethemes.moe/Niehime-ED3.webm
Inu ni Nattara Suki na Hito ni Hirowareta. Specials,Gyakkyou☆Fuwaku☆Fraction,159807,OP,https://v.animethemes.moe/InuhiroOVA-OP1.webm
"Yahari Ore no Seishun Love Comedy wa Machigatteiru. Kan: Dakara, Shishunki wa Owarazu ni, Seishun wa Tsuzuiteiku.",Megumi no Ame,128643,OP,https://v.animethemes.moe/OreGairuS3-OP1v4.webm
"Yahari Ore no Seishun Love Comedy wa Machigatteiru. Kan: Dakara, Shishunki wa Owarazu ni, Seishun wa Tsuzuiteiku.",Diamond no Jundo,128643,ED,https://v.animethemes.moe/OreGairuS3OVA-ED1.webm
Ultraman Final,RAYS,147729,OP,https://v.animethemes.moe/UltramanFinal-OP1.webm
Ultraman Final,RAYS,147729,OP,https://v.animethemes.moe/UltramanFinal-OP1v2.webm
Ultraman Final,AVIATION,147729,ED,https://v.animethemes.moe/UltramanFinal-ED1.webm
Ultraman Final,AVIATION,147729,ED,https://v.animethemes.moe/UltramanFinal-ED1v2.webm
Genjitsu no Yohane: Sunshine in the Mirror,Genjitsu Mysterium,151513,OP,https://v.animethemes.moe/GenjitsuNoYohane-OP1.webm
Genjitsu no Yohane: Sunshine in the Mirror,Kimi no Tame Boku no Tame,151513,ED,https://v.animethemes.moe/GenjitsuNoYohane-ED1.webm
Genjitsu no Yohane: Sunshine in the Mirror,Kimi no Tame Boku no Tame,151513,ED,https://v.animethemes.moe/GenjitsuNoYohane-ED1v2.webm
Love Live! Nijigasaki Gakuen School Idol Doukoukai: Next Sky,"SINGING, DREAMING, NOW!",157654,ED1,https://v.animethemes.moe/LoveLiveNijigasakiGakuenNextSky-ED1.webm
Love Live! Nijigasaki Gakuen School Idol Doukoukai: Next Sky,Wawawa☆What's up!,157654,ED2,https://v.animethemes.moe/LoveLiveNijigasakiGakuenNextSky-ED2.webm
Love Live! Nijigasaki Gakuen School Idol Doukoukai: Next Sky,Feel Alive,157654,OP,https://v.animethemes.moe/LoveLiveNijigasakiGakuenNextSky-OP1.webm
BanG Dream! It's MyGO!!!!!,Hitoshizuku,163571,OP,https://v.animethemes.moe/BangDreamItsMyGO-OP1.webm
BanG Dream! It's MyGO!!!!!,Shiori,163571,ED,https://v.animethemes.moe/BangDreamItsMyGO-ED1.webm
Horimiya: Piece,Shiawase,163132,OP,https://v.animethemes.moe/HorimiyaPiece-OP1.webm
Horimiya: Piece,URL,163132,ED1,https://v.animethemes.moe/HorimiyaPiece-ED1.webm
Horimiya: Piece,Dokuro Ninja Konoha,163132,ED2,https://v.animethemes.moe/HorimiyaPiece-ED2.webm
Ryza no Atelier: Tokoyami no Joou to Himitsu no Kakurega,Golden Ray,162893,OP,https://v.animethemes.moe/RyzaNoAtelier-OP1.webm
Ryza no Atelier: Tokoyami no Joou to Himitsu no Kakurega,Arrow,162893,ED,https://v.animethemes.moe/RyzaNoAtelier-ED1.webm
Ayaka,AYAKASHI,155982,OP,https://v.animethemes.moe/Ayaka-OP1.webm
Ayaka,Flashback,155982,ED,https://v.animethemes.moe/Ayaka-ED1.webm
Uchi no Kaisha no Chiisai Senpai no Hanashi,HONEY,155730,OP,https://v.animethemes.moe/UchiNoKaisha-OP1.webm
Uchi no Kaisha no Chiisai Senpai no Hanashi,sugar,155730,ED,https://v.animethemes.moe/UchiNoKaisha-ED1.webm
Uchi no Kaisha no Chiisai Senpai no Hanashi,sugar,155730,ED,https://v.animethemes.moe/UchiNoKaisha-ED1v2.webm
"Jitsu wa Ore, Saikyou deshita?",Reset Life?,154391,OP,https://v.animethemes.moe/JitsuOreSaikyo-OP1.webm
"Jitsu wa Ore, Saikyou deshita?",HimiCHU★Pre-Love Magic,154391,ED,https://v.animethemes.moe/JitsuOreSaikyo-ED1.webm
Fate/strange Fake: Whispers of Dawn,FAKEit,154966,ED,https://v.animethemes.moe/FateStrangeFakeWhispersOfDawn-ED1.webm
Mushoku Tensei Ⅱ: Isekai Ittara Honki Dasu: Shugo Jutsushi Fitz,Clover,146065,ED,https://v.animethemes.moe/MushokuTenseiS2E0-ED1.webm
Masamune-kun no Revenge R,"Please, please!",146953,OP,https://v.animethemes.moe/MasamuneKunNoRevengeS2-OP1.webm
Masamune-kun no Revenge R,twilight little star,146953,ED,https://v.animethemes.moe/MasamuneKunNoRevengeS2-ED1.webm
Lv1 Maou to One Room Yuusha,One Room Adventure,146836,OP,https://v.animethemes.moe/Lv1Room-OP1.webm
Lv1 Maou to One Room Yuusha,Mirai=Teleport,146836,ED,https://v.animethemes.moe/Lv1Room-ED1.webm
Mononogatari 2nd Season,Ta ga Tame,163205,OP,https://v.animethemes.moe/MononogatariS2-OP1.webm
Mononogatari 2nd Season,Private Room,163205,ED,https://v.animethemes.moe/MononogatariS2-ED1.webm
Okashi na Tensei,Brand new day,153339,OP,https://v.animethemes.moe/OkashiNaTensei-OP1.webm
Okashi na Tensei,Fuumi Zekka,153339,ED,https://v.animethemes.moe/OkashiNaTensei-ED1.webm
Yumemiru Danshi wa Genjitsushugisha,Paraglider,157397,OP,https://v.animethemes.moe/YumemiruDanshi-OP1.webm
Yumemiru Danshi wa Genjitsushugisha,#Yume wa Mijikashi Koi Seyo Otome,157397,ED,https://v.animethemes.moe/YumemiruDanshi-ED1.webm
Suki na Ko ga Megane wo Wasureta,NAME,160188,OP,https://v.animethemes.moe/SukiNaKo-OP1.webm
Suki na Ko ga Megane wo Wasureta,Megane Go Round,160188,ED,https://v.animethemes.moe/SukiNaKo-ED1.webm
Jidou Hanbaiki ni Umarekawatta Ore wa Meikyuu wo Samayou,Fanfare,153360,OP,https://v.animethemes.moe/Jihanki-OP1.webm
Jidou Hanbaiki ni Umarekawatta Ore wa Meikyuu wo Samayou,Itsumo no Soup,153360,ED,https://v.animethemes.moe/Jihanki-ED1.webm
Watashi no Shiawase na Kekkon,Anata no Soba ni.,147103,OP,https://v.animethemes.moe/WatashiNoShiawase-OP1.webm
Watashi no Shiawase na Kekkon,Vita Philosophica,147103,ED,https://v.animethemes.moe/WatashiNoShiawase-ED1.webm
Undead Girl Murder Farce,Crack - Crack - Crackle,162983,OP,https://v.animethemes.moe/UndeadGirl-OP1.webm
Undead Girl Murder Farce,reversal,162983,ED,https://v.animethemes.moe/UndeadGirl-ED1.webm
Undead Girl Murder Farce,reversal,162983,ED,https://v.animethemes.moe/UndeadGirl-ED1v2.webm
Undead Girl Murder Farce,reversal,162983,ED,https://v.animethemes.moe/UndeadGirl-ED1v3.webm
Higeki no Genkyou to Naru Saikyou Gedou Last Boss Joou wa Tami no Tame ni Tsukushimasu.,Kyuuseishu,156040,OP,https://v.animethemes.moe/LasTame-OP1.webm
Higeki no Genkyou to Naru Saikyou Gedou Last Boss Joou wa Tami no Tame ni Tsukushimasu.,PRIDE,156040,ED,https://v.animethemes.moe/LasTame-ED1.webm
Jujutsu Kaisen 2nd Season,Ao no Sumika,145064,OP1,https://v.animethemes.moe/JujutsuKaisenS2-OP1.webm
Jujutsu Kaisen 2nd Season,Akari,145064,ED1,https://v.animethemes.moe/JujutsuKaisenS2-ED1.webm
Jujutsu Kaisen 2nd Season,SPECIALZ,145064,OP2,https://v.animethemes.moe/JujutsuKaisenS2-OP2.webm
Jujutsu Kaisen 2nd Season,SPECIALZ,145064,OP2,https://v.animethemes.moe/JujutsuKaisenS2-OP2v2.webm
Jujutsu Kaisen 2nd Season,more than words,145064,ED2,https://v.animethemes.moe/JujutsuKaisenS2-ED2.webm
Jujutsu Kaisen 2nd Season,more than words,145064,ED2,https://v.animethemes.moe/JujutsuKaisenS2-ED2v2.webm
Jujutsu Kaisen 2nd Season,more than words,145064,ED2,https://v.animethemes.moe/JujutsuKaisenS2-ED2v3.webm
"Seija Musou: Salaryman, Isekai de Ikinokoru Tame ni Ayumu Michi",Bug-chan,155418,OP,https://v.animethemes.moe/SeijaMusou-OP1.webm
"Seija Musou: Salaryman, Isekai de Ikinokoru Tame ni Ayumu Michi",A NEW DAY,155418,ED,https://v.animethemes.moe/SeijaMusou-ED1.webm
Rurouni Kenshin: Meiji Kenkaku Romantan (2023),Hiten,142877,OP1,https://v.animethemes.moe/RurouniKenshin2023-OP1.webm
Rurouni Kenshin: Meiji Kenkaku Romantan (2023),Kissaki,142877,ED1,https://v.animethemes.moe/RurouniKenshin2023-ED1.webm
Rurouni Kenshin: Meiji Kenkaku Romantan (2023),Rurou no Katashiro,142877,OP2,https://v.animethemes.moe/RurouniKenshin2023-OP2.webm
Rurouni Kenshin: Meiji Kenkaku Romantan (2023),Sonzai Shoumei,142877,ED2,https://v.animethemes.moe/RurouniKenshin2023-ED2.webm
Sugar Apple Fairy Tale Part 2,Surprise,163079,OP,https://v.animethemes.moe/SugarAppleFairyTalePart2-OP1.webm
Sugar Apple Fairy Tale Part 2,door,163079,ED,https://v.animethemes.moe/SugarAppleFairyTalePart2-ED1.webm
"Kanojo, Okarishimasu 3rd Season",Renai Mili Film,154745,OP,https://v.animethemes.moe/KanokariS3-OP1.webm
"Kanojo, Okarishimasu 3rd Season",End Roll,154745,ED1,https://v.animethemes.moe/KanokariS3-ED1.webm
"Kanojo, Okarishimasu 3rd Season",End Roll (Ballad Version),154745,ED2,https://v.animethemes.moe/KanokariS3-ED2.webm
Nanatsu no Maken ga Shihai suru,Kenka,142598,OP,https://v.animethemes.moe/Nanatsuma-OP1.webm
Nanatsu no Maken ga Shihai suru,Kenka,142598,OP,https://v.animethemes.moe/Nanatsuma-OP1v2.webm
Nanatsu no Maken ga Shihai suru,I'm,142598,ED1,https://v.animethemes.moe/Nanatsuma-ED1.webm
Nanatsu no Maken ga Shihai suru,Beyond fate,142598,ED2,https://v.animethemes.moe/Nanatsuma-ED2.webm
AI no Idenshi,No Frontier,158530,OP,https://v.animethemes.moe/AiNoDenshi-OP1.webm
AI no Idenshi,Wasurenagusa,158530,ED,https://v.animethemes.moe/AiNoDenshi-ED1.webm
Dekiru Neko wa Kyou mo Yuuutsu,Ureu Kado ni wa Fuku Kitaru,149883,OP,https://v.animethemes.moe/Dekineko-OP1.webm
Dekiru Neko wa Kyou mo Yuuutsu,Hakai Zenya no Koto,149883,ED,https://v.animethemes.moe/Dekineko-ED1.webm
Cardfight!! Vanguard: will+Dress Season 3,The last resort,150970,OP,https://v.animethemes.moe/CardfightVanguardWillDressS3-OP1.webm
Cardfight!! Vanguard: will+Dress Season 3,BLUE BUD,150970,ED,https://v.animethemes.moe/CardfightVanguardWillDressS3-ED1.webm
Shadowverse Flame: Seven Shadows-hen,Tomoshibi,163136,OP,https://v.animethemes.moe/ShadowverseFlameSevenShadowsHen-OP1.webm
Shadowverse Flame: Seven Shadows-hen,Tomoshibi,163136,OP,https://v.animethemes.moe/ShadowverseFlameSevenShadowsHen-OP1v2.webm
Shadowverse Flame: Seven Shadows-hen,Shekenale,163136,ED,https://v.animethemes.moe/ShadowverseFlameSevenShadowsHen-ED1.webm
Level 1 dakedo Unique Skill de Saikyou desu,Chase Me,148465,OP,https://v.animethemes.moe/Level1-OP1.webm
Level 1 dakedo Unique Skill de Saikyou desu,Tambourine no Naru Oka,148465,ED,https://v.animethemes.moe/Level1-ED1.webm
Liar Liar,LIES GOES ON,131863,OP,https://v.animethemes.moe/LiarLiar-OP1.webm
Liar Liar,fakey merry game,131863,ED,https://v.animethemes.moe/LiarLiar-ED1.webm
Bleach: Sennen Kessen-hen - Ketsubetsu-tan,STARS,159322,OP,https://v.animethemes.moe/Bleach2023-OP1.webm
Bleach: Sennen Kessen-hen - Ketsubetsu-tan,Endroll,159322,ED,https://v.animethemes.moe/Bleach2023-ED1.webm
Temple,Bonnou☆Paradise,160447,OP,https://v.animethemes.moe/Temple-OP1.webm
Temple,Oidemase! Mikazuki Tera,160447,ED1,https://v.animethemes.moe/Temple-ED1.webm
Temple,Itsuka wa Mangetsu no You ni!,160447,ED2,https://v.animethemes.moe/Temple-ED2.webm
Temple,Culture Gap Temptation,160447,ED3,https://v.animethemes.moe/Temple-ED3.webm
Zom 100: Zombie ni Naru made ni Shitai 100 no Koto,Song of the Dead,159831,OP,https://v.animethemes.moe/Zom100-OP1.webm
Zom 100: Zombie ni Naru made ni Shitai 100 no Koto,Happiness of the Dead,159831,ED,https://v.animethemes.moe/Zom100-ED1.webm
Zom 100: Zombie ni Naru made ni Shitai 100 no Koto,Happiness of the Dead,159831,ED,https://v.animethemes.moe/Zom100-ED1v2.webm
Shinigami Bocchan to Kuro Maid 2nd Season,Kimi to Revue,139435,OP,https://v.animethemes.moe/BocchanS2-OP1.webm
Shinigami Bocchan to Kuro Maid 2nd Season,Hoshikuzu Requiem,139435,ED,https://v.animethemes.moe/BocchanS2-ED1.webm
Eiyuu Kyoushitsu,Bravery? Naturally?,139606,OP,https://v.animethemes.moe/EiyuuKyoushitsu-OP1.webm
Eiyuu Kyoushitsu,Another Self,139606,ED,https://v.animethemes.moe/EiyuuKyoushitsu-ED1.webm
Mushoku Tensei II: Isekai Ittara Honki Dasu,spiral,146065,OP,https://v.animethemes.moe/MushokuTenseiS2-OP1.webm
Mushoku Tensei II: Isekai Ittara Honki Dasu,Musubime,146065,ED1,https://v.animethemes.moe/MushokuTenseiS2-ED1.webm
Mushoku Tensei II: Isekai Ittara Honki Dasu,Hanasakimi,146065,ED2,https://v.animethemes.moe/MushokuTenseiS2-ED2.webm
Dark Gathering,Kakuriyo,152802,OP,https://v.animethemes.moe/DarkGathering-OP1.webm
Dark Gathering,Kakuriyo,152802,OP,https://v.animethemes.moe/DarkGathering-OP1v2.webm
Dark Gathering,Haiiro,152802,ED1,https://v.animethemes.moe/DarkGathering-ED1.webm
Dark Gathering,Intaglio,152802,ED2,https://v.animethemes.moe/DarkGathering-ED2.webm
Yami Shibai 11,Masquerade Parade,166829,ED,https://v.animethemes.moe/YamiShibai11-ED1.webm
Synduality: Noir,Eureka,154643,ED,https://v.animethemes.moe/SyndualityNoir-ED1.webm
Synduality: Noir,Eureka,154643,ED,https://v.animethemes.moe/SyndualityNoir-ED1v2.webm
Synduality: Noir,RAYTRACER,154643,OP,https://v.animethemes.moe/SyndualityNoir-OP1.webm
Helck,It's My Soul,145140,OP1,https://v.animethemes.moe/Helck-OP1.webm
Helck,Statice,145140,ED1,https://v.animethemes.moe/Helck-ED1.webm
Helck,HELP,145140,OP2,https://v.animethemes.moe/Helck-OP2.webm
Helck,Hikari,145140,ED2,https://v.animethemes.moe/Helck-ED2.webm
Bungou Stray Dogs 5th Season,Tetsu no Ori,163263,OP,https://v.animethemes.moe/BungouStrayDogsS5-OP1.webm
Bungou Stray Dogs 5th Season,Kiseki,163263,ED,https://v.animethemes.moe/BungouStrayDogsS5-ED1.webm
Shiro Seijo to Kuro Bokushi,Koi Sekai,150972,OP,https://v.animethemes.moe/ShiroSeijoToKuroBokushi-OP1.webm
Shiro Seijo to Kuro Bokushi,Toko Siesta,150972,ED,https://v.animethemes.moe/ShiroSeijoToKuroBokushi-ED1.webm
Spy Kyoushitsu 2nd Season,Rakuen,163542,OP,https://v.animethemes.moe/SpyKyoushitsuS2-OP1.webm
Spy Kyoushitsu 2nd Season,Nuisance,163542,ED1,https://v.animethemes.moe/SpyKyoushitsuS2-ED1.webm
Spy Kyoushitsu 2nd Season,Pausing Shutter,163542,ED2,https://v.animethemes.moe/SpyKyoushitsuS2-ED2.webm
Spy Kyoushitsu 2nd Season,Dress Heart Rouge,163542,ED3,https://v.animethemes.moe/SpyKyoushitsuS2-ED3.webm
Spy Kyoushitsu 2nd Season,Pureness×Careless,163542,ED4,https://v.animethemes.moe/SpyKyoushitsuS2-ED4.webm
Spy Kyoushitsu 2nd Season,Hana no Hi,163542,ED5,https://v.animethemes.moe/SpyKyoushitsuS2-ED5.webm
Hataraku Maou-sama!! 2nd Season,Hikari no Nai Machi,155168,OP,https://v.animethemes.moe/HatarakuMaouSamaS2-OP1.webm
Hataraku Maou-sama!! 2nd Season,bloomin',155168,ED,https://v.animethemes.moe/HatarakuMaouSamaS2-ED1.webm
Tonikaku Kawaii: Joshikou-hen,plan,166104,OP,https://v.animethemes.moe/TonikawaJoshikouHen-OP1.webm
Tonikaku Kawaii: Joshikou-hen,Guruguru Live,166104,ED1,https://v.animethemes.moe/TonikawaJoshikouHen-ED1.webm
Tonikaku Kawaii: Joshikou-hen,Tsuki to Hoshizora,166104,ED2,https://v.animethemes.moe/Tonikawa-ED1.webm
Hibike! Euphonium: Ensemble Contest-hen,Omens of Love,150429,OP,https://v.animethemes.moe/HibikeEuphoniumEnsemble-OP1.webm
Hibike! Euphonium: Ensemble Contest-hen,Ensemble,150429,ED,https://v.animethemes.moe/HibikeEuphoniumEnsemble-ED1.webm
Boukensha ni Naritai to Miyako ni Deteitta Musume ga S-Rank ni Natteta,Sen,156184,OP,https://v.animethemes.moe/SRankMusume-OP1.webm
Boukensha ni Naritai to Miyako ni Deteitta Musume ga S-Rank ni Natteta,homeward journey,156184,ED,https://v.animethemes.moe/SRankMusume-ED1.webm
Ojou to Banken-kun,Suki ni Naccha Dame na Hito,155527,OP,https://v.animethemes.moe/OjouToBankenKun-OP1.webm
Ojou to Banken-kun,Magie X Magie,155527,ED,https://v.animethemes.moe/OjouToBankenKun-ED1.webm
Sousou no Frieren,Yuusha,154587,OP1,https://v.animethemes.moe/SousouNoFrieren-OP1.webm
Sousou no Frieren,Anytime Anywhere,154587,ED1,https://v.animethemes.moe/SousouNoFrieren-ED1.webm
Sousou no Frieren,bliss,154587,ED,https://v.animethemes.moe/SousouNoFrierenTV-ED1.webm
Megumi no Daigo: Kyuukoku no Orange,Anthropos,158791,OP,https://v.animethemes.moe/MegumiNoDaigo-OP1.webm
Megumi no Daigo: Kyuukoku no Orange,Perfect World,158791,ED,https://v.animethemes.moe/MegumiNoDaigo-ED1.webm
MF Ghost,Stereo Sunset (Prod. AmPm),143327,ED,https://v.animethemes.moe/MFGhost-ED1.webm
MF Ghost,JUNGLE FIRE feat. MOTSU,143327,OP,https://v.animethemes.moe/MFGhost-OP1.webm
Ragna Crimson,ROAR,146493,OP,https://v.animethemes.moe/RagnaCrimson-OP1.webm
Ragna Crimson,Rinkaku,146493,ED,https://v.animethemes.moe/RagnaCrimson-ED1.webm
Sasaki to Miyano Movie: Sotsugyou-hen,MARCH,146743,ED,https://v.animethemes.moe/SasakiToMiyanoMovie-ED1.webm
"Shangri-La Frontier: Kusoge Hunter, Kamige ni Idoman to su",BROKEN GAMES,151970,OP,https://v.animethemes.moe/ShangrilaFrontier-OP1.webm
"Shangri-La Frontier: Kusoge Hunter, Kamige ni Idoman to su",Ace,151970,ED,https://v.animethemes.moe/ShangrilaFrontier-ED1.webm
Captain Tsubasa Season 2: Junior Youth-hen,AS ONE,163024,OP,https://v.animethemes.moe/CaptainTsubasa2018S2-OP1.webm
Captain Tsubasa Season 2: Junior Youth-hen,Moete Hero,163024,ED,https://v.animethemes.moe/CaptainTsubasa2018S2-ED1.webm
Yuzuki-san Chi no Yonkyoudai.,Naiteiinda,164312,OP,https://v.animethemes.moe/YuzukiSan-OP1.webm
Yuzuki-san Chi no Yonkyoudai.,Sasakure,164312,ED,https://v.animethemes.moe/YuzukiSan-ED1.webm
Dekoboko Majo no Oyako Jijou,Sugar Doughnuts,154454,OP,https://v.animethemes.moe/Dekoboko-OP1.webm
Dekoboko Majo no Oyako Jijou,Welcome!,154454,ED,https://v.animethemes.moe/Dekoboko-ED1.webm
Dekoboko Majo no Oyako Jijou,Welcome!,154454,ED,https://v.animethemes.moe/Dekoboko-ED1v2.webm
Dekoboko Majo no Oyako Jijou,Welcome!,154454,ED,https://v.animethemes.moe/Dekoboko-ED1v3.webm
Overtake!,Tailwind,160515,OP,https://v.animethemes.moe/Overtake-OP1.webm
Overtake!,Good Luck,160515,ED,https://v.animethemes.moe/Overtake-ED1.webm
Boushoku no Berserk,Jekyll & Hyde,156039,OP,https://v.animethemes.moe/BoushokuNoBerserk-OP1.webm
Boushoku no Berserk,Ao no Genseki,156039,ED,https://v.animethemes.moe/BoushokuNoBerserk-ED1.webm
Migi to Dali,Yuuma ga Doki,142666,OP,https://v.animethemes.moe/MigiToDali-OP1.webm
Migi to Dali,Skyline,142666,ED,https://v.animethemes.moe/MigiToDali-ED1.webm
Watashi no Oshi wa Akuyaku Reijou.,Raise Your Hands!!  ~Raise Y/Our Hands!!~,158704,OP,https://v.animethemes.moe/Wataoshi-OP1.webm
Watashi no Oshi wa Akuyaku Reijou.,Raise Your Hands!!  ~Raise Y/Our Hands!!~,158704,OP,https://v.animethemes.moe/Wataoshi-OP1v2.webm
Watashi no Oshi wa Akuyaku Reijou.,O.C. ~Optimum Combination~,158704,ED1,https://v.animethemes.moe/Wataoshi-ED1.webm
Watashi no Oshi wa Akuyaku Reijou.,O.C. ~Optimum Combination~,158704,ED1,https://v.animethemes.moe/Wataoshi-ED1v2.webm
Watashi no Oshi wa Akuyaku Reijou.,O.C. ~Optimum Combination~,158704,ED2,https://v.animethemes.moe/Wataoshi-ED2.webm
Watashi no Oshi wa Akuyaku Reijou.,O.C. ~Optimum Combination~,158704,ED2,https://v.animethemes.moe/Wataoshi-ED2v2.webm
Watashi no Oshi wa Akuyaku Reijou.,O.C. ~Optimum Combination~,158704,ED3,https://v.animethemes.moe/Wataoshi-ED3.webm
Watashi no Oshi wa Akuyaku Reijou.,O.C. ~Optimum Combination~,158704,ED3,https://v.animethemes.moe/Wataoshi-ED3v2.webm
Watashi no Oshi wa Akuyaku Reijou.,O.C. ~Optimum Combination~,158704,ED3,https://v.animethemes.moe/Wataoshi-ED3v3.webm
Watashi no Oshi wa Akuyaku Reijou.,O.C. ~Optimum Combination~,158704,ED3,https://v.animethemes.moe/Wataoshi-ED3v4.webm
B-Project: Netsuretsu*Love Call,Netsuretsu*Love Call,126316,OP,https://v.animethemes.moe/BProjectS3-OP1.webm
B-Project: Netsuretsu*Love Call,Cinematic,126316,ED1,https://v.animethemes.moe/BProjectS3-ED1.webm
B-Project: Netsuretsu*Love Call,Miracles,126316,ED2,https://v.animethemes.moe/BProjectS3-ED2.webm
B-Project: Netsuretsu*Love Call,Unknown Dimension,126316,ED3,https://v.animethemes.moe/BProjectS3-ED3.webm
B-Project: Netsuretsu*Love Call,BEAST,126316,ED4,https://v.animethemes.moe/BProjectS3-ED4.webm
B-Project: Netsuretsu*Love Call,Kiss kara Hajimaru I love you,126316,ED5,https://v.animethemes.moe/BProjectS3-ED5.webm
B-Project: Netsuretsu*Love Call,Desire,126316,ED6,https://v.animethemes.moe/BProjectS3-ED6.webm
B-Project: Netsuretsu*Love Call,Never Back Down,126316,ED7,https://v.animethemes.moe/BProjectS3-ED7.webm
B-Project: Netsuretsu*Love Call,Let's Get The Party Started,126316,ED8,https://v.animethemes.moe/BProjectS3-ED8.webm
B-Project: Netsuretsu*Love Call,Update,126316,ED9,https://v.animethemes.moe/BProjectS3-ED9.webm
Toaru Ossan no VRMMO Katsudouki,Magic Writer,161364,OP,https://v.animethemes.moe/ToaruOssan-OP1.webm
Toaru Ossan no VRMMO Katsudouki,Kibou no Recipe,161364,ED,https://v.animethemes.moe/ToaruOssan-ED1.webm
Paradox Live the Animation,BaNG!!!,150077,ED1,https://v.animethemes.moe/ParadoxLive-ED1.webm
Paradox Live the Animation,RISE UP,150077,OP,https://v.animethemes.moe/ParadoxLive-OP1.webm
Paradox Live the Animation,Every Day Every Night,150077,ED2,https://v.animethemes.moe/ParadoxLive-ED2.webm
Paradox Live the Animation,Fadeaway,150077,ED3,https://v.animethemes.moe/ParadoxLive-ED3.webm
Paradox Live the Animation,FΔBulous,150077,ED4,https://v.animethemes.moe/ParadoxLive-ED4.webm
Seijo no Maryoku wa Bannou desu 2nd Season,Semisweet Afternoon,146206,OP,https://v.animethemes.moe/SeijoNoMaryokuS2-OP1.webm
Seijo no Maryoku wa Bannou desu 2nd Season,Lilac Melody,146206,ED1,https://v.animethemes.moe/SeijoNoMaryokuS2-ED1.webm
Seijo no Maryoku wa Bannou desu 2nd Season,Blessing -realize-,146206,ED2,https://v.animethemes.moe/SeijoNoMaryokuS2-ED2.webm
Tokyo Revengers: Tenjiku-hen,White Noise,163329,OP,https://v.animethemes.moe/TokyoRevengersS3-OP1.webm
Tokyo Revengers: Tenjiku-hen,White Noise,163329,OP,https://v.animethemes.moe/TokyoRevengersS3-OP1v2.webm
Tokyo Revengers: Tenjiku-hen,White Noise,163329,OP,https://v.animethemes.moe/TokyoRevengersS3-OP1v3.webm
Tokyo Revengers: Tenjiku-hen,Say My Name,163329,ED,https://v.animethemes.moe/TokyoRevengersS3-ED1.webm
Tokyo Revengers: Tenjiku-hen,Say My Name,163329,ED,https://v.animethemes.moe/TokyoRevengersS3-ED1v2.webm
Kage no Jitsuryokusha ni Naritakute! 2nd Season,grayscale dominator,161964,OP,https://v.animethemes.moe/ShadowGardenS2-OP1.webm
Kage no Jitsuryokusha ni Naritakute! 2nd Season,grayscale dominator,161964,OP,https://v.animethemes.moe/ShadowGardenS2-OP1v2.webm
Kage no Jitsuryokusha ni Naritakute! 2nd Season,grayscale dominator,161964,OP,https://v.animethemes.moe/ShadowGardenS2-OP1v3.webm
Kage no Jitsuryokusha ni Naritakute! 2nd Season,Polaris in the Night,161964,ED1,https://v.animethemes.moe/ShadowGardenS2-ED1.webm
Kage no Jitsuryokusha ni Naritakute! 2nd Season,Polaris in the Night,161964,ED1,https://v.animethemes.moe/ShadowGardenS2-ED1v2.webm
Kage no Jitsuryokusha ni Naritakute! 2nd Season,Polaris in the Night,161964,ED2,https://v.animethemes.moe/ShadowGardenS2-ED2.webm
Kage no Jitsuryokusha ni Naritakute! 2nd Season,Polaris in the Night,161964,ED2,https://v.animethemes.moe/ShadowGardenS2-ED2v2.webm
Kage no Jitsuryokusha ni Naritakute! 2nd Season,Polaris in the Night,161964,ED3,https://v.animethemes.moe/ShadowGardenS2-ED3.webm
Kage no Jitsuryokusha ni Naritakute! 2nd Season,Polaris in the Night,161964,ED3,https://v.animethemes.moe/ShadowGardenS2-ED3v2.webm
Kage no Jitsuryokusha ni Naritakute! 2nd Season,Polaris in the Night,161964,ED4,https://v.animethemes.moe/ShadowGardenS2-ED4.webm
Kage no Jitsuryokusha ni Naritakute! 2nd Season,Polaris in the Night,161964,ED4,https://v.animethemes.moe/ShadowGardenS2-ED4v2.webm
Kage no Jitsuryokusha ni Naritakute! 2nd Season,Everything is Changing,161964,ED5,https://v.animethemes.moe/ShadowGardenS2-ED5.webm
Kage no Jitsuryokusha ni Naritakute! 2nd Season,Darling in the Night,161964,ED6,https://v.animethemes.moe/ShadowGardenS2-ED6.webm
Kage no Jitsuryokusha ni Naritakute! 2nd Season,HIGHEST,161964,ED7,https://v.animethemes.moe/ShadowGardenS2-ED7.webm
"Konyaku Haki sareta Reijou wo Hirotta Ore ga, Ikenai Koto wo Oshiekomu",Ikenai Etranger,154214,OP,https://v.animethemes.moe/Ikenaikyo-OP1.webm
"Konyaku Haki sareta Reijou wo Hirotta Ore ga, Ikenai Koto wo Oshiekomu",Graceful World,154214,ED,https://v.animethemes.moe/Ikenaikyo-ED1.webm
Kizuna no Allele Season 2,Perfect World!!,166523,OP,https://v.animethemes.moe/KizunaNoAlleleS2-OP1.webm
Kizuna no Allele Season 2,Janken Hoi!,166523,ED1,https://v.animethemes.moe/KizunaNoAlleleS2-ED1.webm
Kizuna no Allele Season 2,mirAI wave!,166523,ED2,https://v.animethemes.moe/KizunaNoAlleleS2-ED2.webm
Uma Musume: Pretty Derby Season 3,Lost Shine,156632,ED1,https://v.animethemes.moe/UmaMusumeS3-ED1.webm
Uma Musume: Pretty Derby Season 3,Soshite Minna no,156632,OP,https://v.animethemes.moe/UmaMusumeS3-OP1.webm
Uma Musume: Pretty Derby Season 3,Soshite Minna no,156632,OP,https://v.animethemes.moe/UmaMusumeS3-OP1v2.webm
Uma Musume: Pretty Derby Season 3,Akogare Challenge Dash!!,156632,ED2,https://v.animethemes.moe/UmaMusumeS3-ED2.webm
Uma Musume: Pretty Derby Season 3,Sora no Hohoemikata,156632,ED3,https://v.animethemes.moe/UmaMusumeS3-ED3.webm
Uma Musume: Pretty Derby Season 3,Yume no Kotae,156632,ED4,https://v.animethemes.moe/UmaMusumeS3-ED4.webm
Uma Musume: Pretty Derby Season 3,Ambitious World,156632,ED5,https://v.animethemes.moe/UmaMusumeS3-ED5.webm
Uma Musume: Pretty Derby Season 3,Umapyoi Densetsu,156632,ED6,https://v.animethemes.moe/UmaMusumeS3-ED6.webm
16bit Sensation: Another Layer,65535,159559,OP1,https://v.animethemes.moe/16BitSensation-OP1.webm
16bit Sensation: Another Layer,65535,159559,OP1,https://v.animethemes.moe/16BitSensation-OP1v2.webm
16bit Sensation: Another Layer,Link ~past and future~,159559,ED,https://v.animethemes.moe/16BitSensation-ED1.webm
Kamierabi,Scrap & Build,162984,OP,https://v.animethemes.moe/Kamierabi-OP1.webm
Kamierabi,Bleed My Heart,162984,ED,https://v.animethemes.moe/Kamierabi-ED1.webm
Bullbuster,Try-ry-ry,157399,OP,https://v.animethemes.moe/Bullbuster-OP1.webm
Bullbuster,Ganbare to Sakebu Tabi,157399,ED,https://v.animethemes.moe/Bullbuster-ED1.webm
Mahoutsukai no Yome Season 2 Part 2,Nemurasareta Lineage,166452,OP,https://v.animethemes.moe/MahoutsukaiNoYomeS2Part2-OP1.webm
Mahoutsukai no Yome Season 2 Part 2,fam,166452,ED,https://v.animethemes.moe/MahoutsukaiNoYomeS2Part2-ED1.webm
Under Ninja,Hyper,138788,OP,https://v.animethemes.moe/UnderNinja-OP1.webm
Under Ninja,Himitsu,138788,ED,https://v.animethemes.moe/UnderNinja-ED1.webm
Tate no Yuusha no Nariagari Season 3,SIN,111322,OP,https://v.animethemes.moe/ShieldHeroS3-OP1.webm
Tate no Yuusha no Nariagari Season 3,Suki ni Natte wa Ikenai Riyuu,111322,ED1,https://v.animethemes.moe/ShieldHeroS3-ED1.webm
Tate no Yuusha no Nariagari Season 3,Kirakirakyu!,111322,ED2,https://v.animethemes.moe/ShieldHeroS3-ED2.webm
Goblin Slayer II,Entertainment,129188,OP,https://v.animethemes.moe/GoblinSlayerS2-OP1.webm
Goblin Slayer II,Kasumi no Mukou e,129188,ED,https://v.animethemes.moe/GoblinSlayerS2-ED1.webm
"Keikenzumi na Kimi to, Keiken Zero na Ore ga, Otsukiai suru Hanashi.",Love You Tender!,154459,OP,https://v.animethemes.moe/Kimizero-OP1.webm
"Keikenzumi na Kimi to, Keiken Zero na Ore ga, Otsukiai suru Hanashi.",Aikotoba,154459,ED,https://v.animethemes.moe/Kimizero-ED1.webm
Hypnosis Mic: Division Rap Battle - Rhyme Anima +,RISE FROM DEAD,163140,OP,https://v.animethemes.moe/HypnosisMicS2-OP1.webm
Hypnosis Mic: Division Rap Battle - Rhyme Anima +,Next Stage,163140,ED1,https://v.animethemes.moe/HypnosisMicS2-ED1.webm
Hypnosis Mic: Division Rap Battle - Rhyme Anima +,Next Stage,163140,ED2,https://v.animethemes.moe/HypnosisMicS2-ED2.webm
Arknights: Touin Kiro,ACHE in PULSE,158895,OP,https://v.animethemes.moe/ArknightsS2-OP1.webm
Arknights: Touin Kiro,R.I.P.,158895,ED1,https://v.animethemes.moe/ArknightsS2-ED1.webm
Arknights: Touin Kiro,R.I.P.,158895,ED1,https://v.animethemes.moe/ArknightsS2-ED1v2.webm
Arknights: Touin Kiro,Fleeting Wish,158895,ED2,https://v.animethemes.moe/ArknightsS2-ED2.webm
Hametsu no Oukoku,Kieru made,160900,OP,https://v.animethemes.moe/HametsuNoOukoku-OP1.webm
Hametsu no Oukoku,Prayer,160900,ED,https://v.animethemes.moe/HametsuNoOukoku-ED1.webm
Kanojo mo Kanojo Season 2,Dramatic ni Koi Shitai,154692,OP,https://v.animethemes.moe/KanojoMoKanojoS2-OP1.webm
Kanojo mo Kanojo Season 2,Forira,154692,ED,https://v.animethemes.moe/KanojoMoKanojoS2-ED1.webm
Saihate no Paladin: Tetsusabi no Yama no Ou,Inochibi,143085,OP,https://v.animethemes.moe/SaihateNoPaladinS2-OP1.webm
Saihate no Paladin: Tetsusabi no Yama no Ou,Puzzle,143085,ED,https://v.animethemes.moe/SaihateNoPaladinS2-ED1.webm
Spy x Family Season 2,Kura Kura,158927,OP,https://v.animethemes.moe/SpyXFamilyS2-OP1.webm
Spy x Family Season 2,Todome no Ichigeki,158927,ED,https://v.animethemes.moe/SpyXFamilyS2-ED1.webm
Atarashii Joushi wa Do Tennen,Planetaria,165070,OP,https://v.animethemes.moe/AtarashiiJoushiWaDoTennen-OP1.webm
Atarashii Joushi wa Do Tennen,Hanataba,165070,ED,https://v.animethemes.moe/AtarashiiJoushiWaDoTennen-ED1.webm
"Tearmoon Teikoku Monogatari: Dantoudai kara Hajimaru, Hime no Tensei Gyakuten Story",Happy End Princess,154384,OP,https://v.animethemes.moe/Tearmoon-OP1.webm
"Tearmoon Teikoku Monogatari: Dantoudai kara Hajimaru, Hime no Tensei Gyakuten Story",Queen of the Night,154384,ED,https://v.animethemes.moe/Tearmoon-ED1.webm
Bokura no Ameiro Protocol,S9aiR,166896,OP,https://v.animethemes.moe/Bokuame-OP1.webm
Bokura no Ameiro Protocol,Another Complex,166896,ED,https://v.animethemes.moe/Bokuame-ED1.webm
Kibou no Chikara: Otona Precure '23,Tokimeki,162720,OP,https://v.animethemes.moe/KibouNoChikaraOtonaPrecure23-OP1.webm
Kibou no Chikara: Otona Precure '23,Shizuku no Precure,162720,ED,https://v.animethemes.moe/KibouNoChikaraOtonaPrecure23-ED1.webm
Kimi no Koto ga Daidaidaidaidaisuki na 100-nin no Kanojo,Sweet Sign,162694,ED1,https://v.animethemes.moe/Hyakkano-ED1.webm
Kimi no Koto ga Daidaidaidaidaisuki na 100-nin no Kanojo,Daidaidaidaidaisuki na Kimi e♡,162694,OP,https://v.animethemes.moe/Hyakkano-OP1.webm
Kimi no Koto ga Daidaidaidaidaisuki na 100-nin no Kanojo,Kyou no Ending wa Watashi ga Kaitotta kara Suki ni shite Ii wa yo ne♡,162694,ED2,https://v.animethemes.moe/Hyakkano-ED2.webm
Kamonohashi Ron no Kindan Suiri,Ikenai fool logic,158926,OP,https://v.animethemes.moe/KamonohashiRon-OP1.webm
Kamonohashi Ron no Kindan Suiri,Lip Sync,158926,ED,https://v.animethemes.moe/KamonohashiRon-ED1.webm
Hoshikuzu Telepath,Ten to Sen,155419,OP,https://v.animethemes.moe/HoshizukuTelepath-OP1.webm
Hoshikuzu Telepath,Tentaizu,155419,ED,https://v.animethemes.moe/HoshizukuTelepath-ED1.webm
Kawagoe Boys Sing,Unknown no Shikisai,162209,OP,https://v.animethemes.moe/KawagoeBoysSing-OP1.webm
Kawagoe Boys Sing,Ride Out the Fall,162209,ED1,https://v.animethemes.moe/KawagoeBoysSing-ED1.webm
Kawagoe Boys Sing,Goodbye・Boy,162209,ED4,https://v.animethemes.moe/KawagoeBoysSing-ED4.webm
Kawagoe Boys Sing,Summer Blessing,162209,ED5,https://v.animethemes.moe/KawagoeBoysSing-ED5.webm
Kawagoe Boys Sing,Matsubokkuri solo version,162209,ED6,https://v.animethemes.moe/KawagoeBoysSing-ED6.webm
Kawagoe Boys Sing,Ride Out the Fall,162209,ED2,https://v.animethemes.moe/KawagoeBoysSing-ED2.webm
Kawagoe Boys Sing,Ride Out the Fall,162209,ED3,https://v.animethemes.moe/KawagoeBoysSing-ED3.webm
Kawagoe Boys Sing,Ride Out the Fall,162209,ED7,https://v.animethemes.moe/KawagoeBoysSing-ED7.webm
Kawagoe Boys Sing,Ride Out the Fall,162209,ED8,https://v.animethemes.moe/KawagoeBoysSing-ED8.webm
Kawagoe Boys Sing,Ride Out the Fall,162209,ED9,https://v.animethemes.moe/KawagoeBoysSing-ED9.webm
Shy,Shiny Girl,155389,OP,https://v.animethemes.moe/Shy-OP1.webm
Shy,Shiritai Kimochi,155389,ED1,https://v.animethemes.moe/Shy-ED1.webm
Shy,Shiritai Kimochi,155389,ED1,https://v.animethemes.moe/Shy-ED1v2.webm
Shy,Shiritai Kimochi,155389,ED1,https://v.animethemes.moe/Shy-ED1v3.webm
Shy,Shiritai Kimochi,155389,ED1,https://v.animethemes.moe/Shy-ED1v4.webm
Shy,Shiritai Kimochi,155389,ED1,https://v.animethemes.moe/Shy-ED1v5.webm
Shy,Shiritai Kimochi,155389,ED1,https://v.animethemes.moe/Shy-ED1v6.webm
Shy,Shiritai Kimochi,155389,ED1,https://v.animethemes.moe/Shy-ED1v7.webm
Shy,Shiritai Kimochi,155389,ED1,https://v.animethemes.moe/Shy-ED1v8.webm
Shy,Kimi dake ga Hero,155389,ED2,https://v.animethemes.moe/Shy-ED2.webm
Shy,Watashi no Aoi Sora ~As I am~,155389,ED3,https://v.animethemes.moe/Shy-ED3.webm
Seiken Gakuin no Makentsukai,1000-nen Ai,140501,OP,https://v.animethemes.moe/SeikenGakuin-OP1.webm
Seiken Gakuin no Makentsukai,Yururi,140501,ED,https://v.animethemes.moe/SeikenGakuin-ED1.webm
Dead Mount Death Play Part 2,Scrap Art,162803,OP,https://v.animethemes.moe/DeadMountDeathPlayPart2-OP1.webm
Dead Mount Death Play Part 2,Scrap Art,162803,OP,https://v.animethemes.moe/DeadMountDeathPlayPart2-OP1v2.webm
Dead Mount Death Play Part 2,Hope,162803,ED,https://v.animethemes.moe/DeadMountDeathPlayPart2-ED1.webm
Houkago Shounen Hanako-kun,Koi! Koi Koi,159074,ED,https://v.animethemes.moe/HoukagoShounenHanakoKun-ED1.webm
Dr. Stone: New World Part 2,Haruka,162670,OP,https://v.animethemes.moe/DrStoneS3Part2-OP1.webm
Dr. Stone: New World Part 2,Haruka,162670,OP,https://v.animethemes.moe/DrStoneS3Part2-OP1v2.webm
Dr. Stone: New World Part 2,Suki ni Shina yo,162670,ED,https://v.animethemes.moe/DrStoneS3Part2-ED1.webm
Dr. Stone: New World Part 2,Suki ni Shina yo,162670,ED,https://v.animethemes.moe/DrStoneS3Part2-ED1v2.webm
Undead Unluck,01,154116,OP,https://v.animethemes.moe/UndeadUnluck-OP1.webm
Undead Unluck,know me...,154116,ED,https://v.animethemes.moe/UndeadUnluck-ED1.webm
Hikikomari Kyuuketsuki no Monmon,Red Liberation,159808,OP,https://v.animethemes.moe/Hikikomari-OP1.webm
Hikikomari Kyuuketsuki no Monmon,Nemurenai feat. Tomori Kusunoki,159808,ED,https://v.animethemes.moe/Hikikomari-ED1.webm
Kikansha no Mahou wa Tokubetsu desu,GET BACK,163142,OP,https://v.animethemes.moe/KikanshaNoMahou-OP1.webm
Kikansha no Mahou wa Tokubetsu desu,6 wo Naderu,163142,ED,https://v.animethemes.moe/KikanshaNoMahou-ED1.webm
Buta no Liver wa Kanetsu Shiro,Watashi ga Warau Riyuu wa,142599,OP,https://v.animethemes.moe/Butaliver-OP1.webm
Buta no Liver wa Kanetsu Shiro,Hitori ja Nai yo,142599,ED,https://v.animethemes.moe/Butaliver-ED1.webm
Potion-danomi de Ikinobimasu!,tailwind,161992,OP,https://v.animethemes.moe/PotionDanomi-OP1.webm
Potion-danomi de Ikinobimasu!,Love is a potion,161992,ED,https://v.animethemes.moe/PotionDanomi-ED1.webm
The iDOLM@STER Million Live!,Rat A Tat!!!,120755,OP,https://v.animethemes.moe/IdolmasterMillionLive-OP1.webm
The iDOLM@STER Million Live!,Seven Count,120755,ED1,https://v.animethemes.moe/IdolmasterMillionLive-ED1.webm
The iDOLM@STER Million Live!,Umikaze to Castanet,120755,ED2,https://v.animethemes.moe/IdolmasterMillionLive-ED2.webm
The iDOLM@STER Million Live!,catch my feeling,120755,ED3,https://v.animethemes.moe/IdolmasterMillionLive-ED3.webm
Kusuriya no Hitorigoto,Hana ni Natte,161645,OP,https://v.animethemes.moe/KusuriyaNoHitorigoto-OP1.webm
Kusuriya no Hitorigoto,Aikotoba,161645,ED,https://v.animethemes.moe/KusuriyaNoHitorigoto-ED1.webm
Tensei shitara Slime Datta Ken: Coleus no Yume,Hikari Hanatsu,161802,OP,https://v.animethemes.moe/TensuraColeusNoYume-OP1.webm
Tensei shitara Slime Datta Ken: Coleus no Yume,Kokoro Travel,161802,ED,https://v.animethemes.moe/TensuraColeusNoYume-ED1.webm
Shiguang Dailiren II,VORTEX,136484,OP,https://v.animethemes.moe/ShiguangDailirenS2-OP1.webm
Shiguang Dailiren II,THE TIDES,136484,ED,https://v.animethemes.moe/ShiguangDailirenS2-ED1.webm
Seishun Buta Yarou wa Odekake Sister no Yume wo Minai,Fukashigi no Karte,154967,ED,https://v.animethemes.moe/AobutaMovie2-ED1.webm
"Jashin-chan Dropkick ""Seikimatsu-hen""",Apocalypse Day,164551,OP,https://v.animethemes.moe/JashinChanDropkickSeikimatsuHen-OP1.webm
"Jashin-chan Dropkick ""Seikimatsu-hen""",Tadaima feat. EXILE NESMITH,164551,ED,https://v.animethemes.moe/JashinChanDropkickSeikimatsuHen-ED1.webm
Blue Lock, Judgement, 137822, OP, https://animethemes.moe/anime/blue_lock/OP2
Blue Lock, Numbness like a ginger, 137822, ED2, https://animethemes.moe/anime/blue_lock/ED2
Boruto, Shukuen, 97938, OP12, https://animethemes.moe/anime/boruto_naruto_next_generations/OP12
Boruto, Mata ne, 97938, ED23, https://animethemes.moe/anime/boruto_naruto_next_generations/ED23
Detective Conan, RAISE INSIGHT, 235, OP57v1, https://animethemes.moe/anime/detective_conan/OP57
Detective Conan, RAISE INSIGHT, 235, OP57v2, https://animethemes.moe/anime/detective_conan/OP57v2
Detective Conan, Unraveling Love ~Sukoshi no Yuuki~, 235, OP58, https://animethemes.moe/anime/detective_conan/OP58
Detective Conan, Kuufuku (starring VALSHE), 235, ED68, https://animethemes.moe/anime/detective_conan/ED68
Detective Conan, ...and Rescue Me, 235, ED69, https://animethemes.moe/anime/detective_conan/ED69
Boku no Hero Academia 6th Season, Bokura no, 139630, OP2, https://animethemes.moe/anime/boku_no_hero_academia_6th_season/OP2
Boku no Hero Academia 6th Season, Kitakaze, 139630, ED2, https://animethemes.moe/anime/boku_no_hero_academia_6th_season/ED2
Cool Doji Danshi, Warau na!, 147885, OP2, https://animethemes.moe/anime/cool_doji_danshi/OP2
Cool Doji Danshi, Taisetsu, 147885, ED2, https://animethemes.moe/anime/cool_doji_danshi/ED2
Eminence in Shadow, Moonlight Sonata, 130298, ED8, https://animethemes.moe/anime/kage_no_jitsuryokusha_ni_naritakute/ED8
Iruma-kun S3, Tomodachi no Senaka, 139092, ED2, https://animethemes.moe/anime/mairimashita_iruma_kun_3rd_season/ED2
One Piece, Saikou Toutatsuten, 21, OP25, https://animethemes.moe/anime/one_piece/OP25-Original
One Piece, Raise, 21, ED22, https://animethemes.moe/anime/one_piece/ED22-Original
Pokemon Horizons, Dokimeki Diary, 158871, OP1, https://animethemes.moe/anime/pokemon_2023/OP
Pokemon Horizons, Hello, 158871, OP2, https://www.youtube.com/watch?v=mhgoe-nSFvM
Idolish7: Third Beat, SECRET NIGHT, 128890, ED7, https://animethemes.moe/anime/idolish7_third_beat_part_2/ED7
Digimon Ghost Game, Take Me Maybe, 137309, ED6, https://animethemes.moe/anime/digimon_ghost_game/ED6
Yugioh! Go Rush, Shinkirou, 142842, OP1, https://animethemes.moe/anime/yu_gi_oh_go_rush/OPv4
Yugioh! Go Rush, One Way -Fresh Pop Rearrange-, 142842, ED2, https://animethemes.moe/anime/yu_gi_oh_go_rush/EDv2
Yugioh! Go Rush, Tabidachi no Uta, 142842, ED3, https://yugipedia.com/wiki/Song_of_Departure
Eternal Boys, My Way, 146438, OP3, https://www.youtube.com/watch?v=iWrDlFfyWzc
Eternal Boys, Story of Love, 146438, ED3, https://www.youtube.com/watch?v=HjY6rh9h5iI
Eternal Boys, Eternal, 146438, ED4, https://www.youtube.com/watch?v=eUOXjyr3k-0
Beyblade X, Prove, 165159, OP1, https://www.youtube.com/watch?v=rF9GUT_wrbw
Beyblade X, ZOOM ZOOM, 165159, ED1, https://www.youtube.com/watch?v=5AUe3fpTzF8
Dog Signal, Sugar Spot, 160514, ED1, https://www.youtube.com/watch?v=jUzYNxkeyNY
Scott Pilgrim, bloom, 170206, OP1, https://www.youtube.com/watch?v=zbvy0SaW2v4